--
-- PostgreSQL database dump
--

-- Dumped from database version 17.2
-- Dumped by pg_dump version 17.2

SET statement_timeout = 0;
SET lock_timeout = 0;
SET idle_in_transaction_session_timeout = 0;
SET transaction_timeout = 0;
SET client_encoding = 'UTF8';
SET standard_conforming_strings = on;
SELECT pg_catalog.set_config('search_path', '', false);
SET check_function_bodies = false;
SET xmloption = content;
SET client_min_messages = warning;
SET row_security = off;

SET default_tablespace = '';

SET default_table_access_method = heap;

--
-- Name: Main_country; Type: TABLE; Schema: public; Owner: lora
--

CREATE TABLE public."Main_country" (
    id bigint NOT NULL,
    name character varying(100) NOT NULL
);


ALTER TABLE public."Main_country" OWNER TO lora;

--
-- Name: Main_country_id_seq; Type: SEQUENCE; Schema: public; Owner: lora
--

ALTER TABLE public."Main_country" ALTER COLUMN id ADD GENERATED BY DEFAULT AS IDENTITY (
    SEQUENCE NAME public."Main_country_id_seq"
    START WITH 1
    INCREMENT BY 1
    NO MINVALUE
    NO MAXVALUE
    CACHE 1
);


--
-- Name: Main_genre; Type: TABLE; Schema: public; Owner: lora
--

CREATE TABLE public."Main_genre" (
    id bigint NOT NULL,
    name character varying(100) NOT NULL
);


ALTER TABLE public."Main_genre" OWNER TO lora;

--
-- Name: Main_genre_id_seq; Type: SEQUENCE; Schema: public; Owner: lora
--

ALTER TABLE public."Main_genre" ALTER COLUMN id ADD GENERATED BY DEFAULT AS IDENTITY (
    SEQUENCE NAME public."Main_genre_id_seq"
    START WITH 1
    INCREMENT BY 1
    NO MINVALUE
    NO MAXVALUE
    CACHE 1
);


--
-- Name: Main_movie; Type: TABLE; Schema: public; Owner: lora
--

CREATE TABLE public."Main_movie" (
    id bigint NOT NULL,
    title character varying(255) NOT NULL,
    description text NOT NULL,
    release_year integer NOT NULL,
    poster character varying(100),
    created_at timestamp with time zone NOT NULL,
    trailer_url character varying(255),
    kinopoisk_rating double precision,
    kinopoisk_url character varying(255),
    watch_url character varying(255)
);


ALTER TABLE public."Main_movie" OWNER TO lora;

--
-- Name: Main_movie_country; Type: TABLE; Schema: public; Owner: lora
--

CREATE TABLE public."Main_movie_country" (
    id bigint NOT NULL,
    movie_id bigint NOT NULL,
    country_id bigint NOT NULL
);


ALTER TABLE public."Main_movie_country" OWNER TO lora;

--
-- Name: Main_movie_country_id_seq; Type: SEQUENCE; Schema: public; Owner: lora
--

ALTER TABLE public."Main_movie_country" ALTER COLUMN id ADD GENERATED BY DEFAULT AS IDENTITY (
    SEQUENCE NAME public."Main_movie_country_id_seq"
    START WITH 1
    INCREMENT BY 1
    NO MINVALUE
    NO MAXVALUE
    CACHE 1
);


--
-- Name: Main_movie_genres; Type: TABLE; Schema: public; Owner: lora
--

CREATE TABLE public."Main_movie_genres" (
    id bigint NOT NULL,
    movie_id bigint NOT NULL,
    genre_id bigint NOT NULL
);


ALTER TABLE public."Main_movie_genres" OWNER TO lora;

--
-- Name: Main_movie_genres_id_seq; Type: SEQUENCE; Schema: public; Owner: lora
--

ALTER TABLE public."Main_movie_genres" ALTER COLUMN id ADD GENERATED BY DEFAULT AS IDENTITY (
    SEQUENCE NAME public."Main_movie_genres_id_seq"
    START WITH 1
    INCREMENT BY 1
    NO MINVALUE
    NO MAXVALUE
    CACHE 1
);


--
-- Name: Main_movie_id_seq; Type: SEQUENCE; Schema: public; Owner: lora
--

ALTER TABLE public."Main_movie" ALTER COLUMN id ADD GENERATED BY DEFAULT AS IDENTITY (
    SEQUENCE NAME public."Main_movie_id_seq"
    START WITH 1
    INCREMENT BY 1
    NO MINVALUE
    NO MAXVALUE
    CACHE 1
);


--
-- Name: Main_movieimage; Type: TABLE; Schema: public; Owner: lora
--

CREATE TABLE public."Main_movieimage" (
    id bigint NOT NULL,
    image character varying(100) NOT NULL,
    description character varying(255) NOT NULL,
    movie_id bigint NOT NULL
);


ALTER TABLE public."Main_movieimage" OWNER TO lora;

--
-- Name: Main_movieimage_id_seq; Type: SEQUENCE; Schema: public; Owner: lora
--

ALTER TABLE public."Main_movieimage" ALTER COLUMN id ADD GENERATED BY DEFAULT AS IDENTITY (
    SEQUENCE NAME public."Main_movieimage_id_seq"
    START WITH 1
    INCREMENT BY 1
    NO MINVALUE
    NO MAXVALUE
    CACHE 1
);


--
-- Name: Main_payment; Type: TABLE; Schema: public; Owner: lora
--

CREATE TABLE public."Main_payment" (
    id bigint NOT NULL,
    amount numeric(10,2) NOT NULL,
    payment_date timestamp with time zone NOT NULL,
    status character varying(20) NOT NULL,
    subscription_id bigint NOT NULL,
    user_id bigint NOT NULL
);


ALTER TABLE public."Main_payment" OWNER TO lora;

--
-- Name: Main_payment_id_seq; Type: SEQUENCE; Schema: public; Owner: lora
--

ALTER TABLE public."Main_payment" ALTER COLUMN id ADD GENERATED BY DEFAULT AS IDENTITY (
    SEQUENCE NAME public."Main_payment_id_seq"
    START WITH 1
    INCREMENT BY 1
    NO MINVALUE
    NO MAXVALUE
    CACHE 1
);


--
-- Name: Main_review; Type: TABLE; Schema: public; Owner: lora
--

CREATE TABLE public."Main_review" (
    id bigint NOT NULL,
    text text NOT NULL,
    rating smallint NOT NULL,
    created_at timestamp with time zone NOT NULL,
    movie_id bigint,
    user_id bigint NOT NULL,
    serial_id bigint,
    status character varying(20) NOT NULL,
    CONSTRAINT "Main_review_rating_check" CHECK ((rating >= 0))
);


ALTER TABLE public."Main_review" OWNER TO lora;

--
-- Name: Main_review_id_seq; Type: SEQUENCE; Schema: public; Owner: lora
--

ALTER TABLE public."Main_review" ALTER COLUMN id ADD GENERATED BY DEFAULT AS IDENTITY (
    SEQUENCE NAME public."Main_review_id_seq"
    START WITH 1
    INCREMENT BY 1
    NO MINVALUE
    NO MAXVALUE
    CACHE 1
);


--
-- Name: Main_serial; Type: TABLE; Schema: public; Owner: lora
--

CREATE TABLE public."Main_serial" (
    id bigint NOT NULL,
    title character varying(200) NOT NULL,
    description text NOT NULL,
    release_year integer NOT NULL,
    episodes integer NOT NULL,
    poster character varying(100),
    created_at timestamp with time zone NOT NULL,
    kinopoisk_rating double precision,
    kinopoisk_url character varying(255),
    trailer_url character varying(255),
    watch_url character varying(255),
    kinopoisk_id integer,
    CONSTRAINT "Main_serial_episodes_check" CHECK ((episodes >= 0)),
    CONSTRAINT "Main_serial_kinopoisk_id_check" CHECK ((kinopoisk_id >= 0)),
    CONSTRAINT "Main_serial_release_year_check" CHECK ((release_year >= 0))
);


ALTER TABLE public."Main_serial" OWNER TO lora;

--
-- Name: Main_serial_country; Type: TABLE; Schema: public; Owner: lora
--

CREATE TABLE public."Main_serial_country" (
    id bigint NOT NULL,
    serial_id bigint NOT NULL,
    country_id bigint NOT NULL
);


ALTER TABLE public."Main_serial_country" OWNER TO lora;

--
-- Name: Main_serial_country_id_seq; Type: SEQUENCE; Schema: public; Owner: lora
--

ALTER TABLE public."Main_serial_country" ALTER COLUMN id ADD GENERATED BY DEFAULT AS IDENTITY (
    SEQUENCE NAME public."Main_serial_country_id_seq"
    START WITH 1
    INCREMENT BY 1
    NO MINVALUE
    NO MAXVALUE
    CACHE 1
);


--
-- Name: Main_serial_genres; Type: TABLE; Schema: public; Owner: lora
--

CREATE TABLE public."Main_serial_genres" (
    id bigint NOT NULL,
    serial_id bigint NOT NULL,
    genre_id bigint NOT NULL
);


ALTER TABLE public."Main_serial_genres" OWNER TO lora;

--
-- Name: Main_serial_genres_id_seq; Type: SEQUENCE; Schema: public; Owner: lora
--

ALTER TABLE public."Main_serial_genres" ALTER COLUMN id ADD GENERATED BY DEFAULT AS IDENTITY (
    SEQUENCE NAME public."Main_serial_genres_id_seq"
    START WITH 1
    INCREMENT BY 1
    NO MINVALUE
    NO MAXVALUE
    CACHE 1
);


--
-- Name: Main_serial_id_seq; Type: SEQUENCE; Schema: public; Owner: lora
--

ALTER TABLE public."Main_serial" ALTER COLUMN id ADD GENERATED BY DEFAULT AS IDENTITY (
    SEQUENCE NAME public."Main_serial_id_seq"
    START WITH 1
    INCREMENT BY 1
    NO MINVALUE
    NO MAXVALUE
    CACHE 1
);


--
-- Name: Main_serialimage; Type: TABLE; Schema: public; Owner: lora
--

CREATE TABLE public."Main_serialimage" (
    id bigint NOT NULL,
    image character varying(100) NOT NULL,
    description character varying(255) NOT NULL,
    serial_id bigint NOT NULL
);


ALTER TABLE public."Main_serialimage" OWNER TO lora;

--
-- Name: Main_serialimage_id_seq; Type: SEQUENCE; Schema: public; Owner: lora
--

ALTER TABLE public."Main_serialimage" ALTER COLUMN id ADD GENERATED BY DEFAULT AS IDENTITY (
    SEQUENCE NAME public."Main_serialimage_id_seq"
    START WITH 1
    INCREMENT BY 1
    NO MINVALUE
    NO MAXVALUE
    CACHE 1
);


--
-- Name: Main_subscription; Type: TABLE; Schema: public; Owner: lora
--

CREATE TABLE public."Main_subscription" (
    id bigint NOT NULL,
    name character varying(100) NOT NULL,
    description text NOT NULL,
    price numeric(10,2) NOT NULL,
    duration_days integer NOT NULL
);


ALTER TABLE public."Main_subscription" OWNER TO lora;

--
-- Name: Main_subscription_id_seq; Type: SEQUENCE; Schema: public; Owner: lora
--

ALTER TABLE public."Main_subscription" ALTER COLUMN id ADD GENERATED BY DEFAULT AS IDENTITY (
    SEQUENCE NAME public."Main_subscription_id_seq"
    START WITH 1
    INCREMENT BY 1
    NO MINVALUE
    NO MAXVALUE
    CACHE 1
);


--
-- Name: Main_usersubscription; Type: TABLE; Schema: public; Owner: lora
--

CREATE TABLE public."Main_usersubscription" (
    id bigint NOT NULL,
    start_date timestamp with time zone NOT NULL,
    end_date timestamp with time zone NOT NULL,
    is_active boolean NOT NULL,
    auto_renewal boolean NOT NULL,
    subscription_id bigint NOT NULL,
    user_id bigint NOT NULL
);


ALTER TABLE public."Main_usersubscription" OWNER TO lora;

--
-- Name: Main_usersubscription_id_seq; Type: SEQUENCE; Schema: public; Owner: lora
--

ALTER TABLE public."Main_usersubscription" ALTER COLUMN id ADD GENERATED BY DEFAULT AS IDENTITY (
    SEQUENCE NAME public."Main_usersubscription_id_seq"
    START WITH 1
    INCREMENT BY 1
    NO MINVALUE
    NO MAXVALUE
    CACHE 1
);


--
-- Name: auth_group; Type: TABLE; Schema: public; Owner: lora
--

CREATE TABLE public.auth_group (
    id integer NOT NULL,
    name character varying(150) NOT NULL
);


ALTER TABLE public.auth_group OWNER TO lora;

--
-- Name: auth_group_id_seq; Type: SEQUENCE; Schema: public; Owner: lora
--

ALTER TABLE public.auth_group ALTER COLUMN id ADD GENERATED BY DEFAULT AS IDENTITY (
    SEQUENCE NAME public.auth_group_id_seq
    START WITH 1
    INCREMENT BY 1
    NO MINVALUE
    NO MAXVALUE
    CACHE 1
);


--
-- Name: auth_group_permissions; Type: TABLE; Schema: public; Owner: lora
--

CREATE TABLE public.auth_group_permissions (
    id bigint NOT NULL,
    group_id integer NOT NULL,
    permission_id integer NOT NULL
);


ALTER TABLE public.auth_group_permissions OWNER TO lora;

--
-- Name: auth_group_permissions_id_seq; Type: SEQUENCE; Schema: public; Owner: lora
--

ALTER TABLE public.auth_group_permissions ALTER COLUMN id ADD GENERATED BY DEFAULT AS IDENTITY (
    SEQUENCE NAME public.auth_group_permissions_id_seq
    START WITH 1
    INCREMENT BY 1
    NO MINVALUE
    NO MAXVALUE
    CACHE 1
);


--
-- Name: auth_permission; Type: TABLE; Schema: public; Owner: lora
--

CREATE TABLE public.auth_permission (
    id integer NOT NULL,
    name character varying(255) NOT NULL,
    content_type_id integer NOT NULL,
    codename character varying(100) NOT NULL
);


ALTER TABLE public.auth_permission OWNER TO lora;

--
-- Name: auth_permission_id_seq; Type: SEQUENCE; Schema: public; Owner: lora
--

ALTER TABLE public.auth_permission ALTER COLUMN id ADD GENERATED BY DEFAULT AS IDENTITY (
    SEQUENCE NAME public.auth_permission_id_seq
    START WITH 1
    INCREMENT BY 1
    NO MINVALUE
    NO MAXVALUE
    CACHE 1
);


--
-- Name: django_admin_log; Type: TABLE; Schema: public; Owner: lora
--

CREATE TABLE public.django_admin_log (
    id integer NOT NULL,
    action_time timestamp with time zone NOT NULL,
    object_id text,
    object_repr character varying(200) NOT NULL,
    action_flag smallint NOT NULL,
    change_message text NOT NULL,
    content_type_id integer,
    user_id bigint NOT NULL,
    CONSTRAINT django_admin_log_action_flag_check CHECK ((action_flag >= 0))
);


ALTER TABLE public.django_admin_log OWNER TO lora;

--
-- Name: django_admin_log_id_seq; Type: SEQUENCE; Schema: public; Owner: lora
--

ALTER TABLE public.django_admin_log ALTER COLUMN id ADD GENERATED BY DEFAULT AS IDENTITY (
    SEQUENCE NAME public.django_admin_log_id_seq
    START WITH 1
    INCREMENT BY 1
    NO MINVALUE
    NO MAXVALUE
    CACHE 1
);


--
-- Name: django_celery_results_chordcounter; Type: TABLE; Schema: public; Owner: lora
--

CREATE TABLE public.django_celery_results_chordcounter (
    id integer NOT NULL,
    group_id character varying(255) NOT NULL,
    sub_tasks text NOT NULL,
    count integer NOT NULL,
    CONSTRAINT django_celery_results_chordcounter_count_check CHECK ((count >= 0))
);


ALTER TABLE public.django_celery_results_chordcounter OWNER TO lora;

--
-- Name: django_celery_results_chordcounter_id_seq; Type: SEQUENCE; Schema: public; Owner: lora
--

ALTER TABLE public.django_celery_results_chordcounter ALTER COLUMN id ADD GENERATED BY DEFAULT AS IDENTITY (
    SEQUENCE NAME public.django_celery_results_chordcounter_id_seq
    START WITH 1
    INCREMENT BY 1
    NO MINVALUE
    NO MAXVALUE
    CACHE 1
);


--
-- Name: django_celery_results_groupresult; Type: TABLE; Schema: public; Owner: lora
--

CREATE TABLE public.django_celery_results_groupresult (
    id integer NOT NULL,
    group_id character varying(255) NOT NULL,
    date_created timestamp with time zone NOT NULL,
    date_done timestamp with time zone NOT NULL,
    content_type character varying(128) NOT NULL,
    content_encoding character varying(64) NOT NULL,
    result text
);


ALTER TABLE public.django_celery_results_groupresult OWNER TO lora;

--
-- Name: django_celery_results_groupresult_id_seq; Type: SEQUENCE; Schema: public; Owner: lora
--

ALTER TABLE public.django_celery_results_groupresult ALTER COLUMN id ADD GENERATED BY DEFAULT AS IDENTITY (
    SEQUENCE NAME public.django_celery_results_groupresult_id_seq
    START WITH 1
    INCREMENT BY 1
    NO MINVALUE
    NO MAXVALUE
    CACHE 1
);


--
-- Name: django_celery_results_taskresult; Type: TABLE; Schema: public; Owner: lora
--

CREATE TABLE public.django_celery_results_taskresult (
    id integer NOT NULL,
    task_id character varying(255) NOT NULL,
    status character varying(50) NOT NULL,
    content_type character varying(128) NOT NULL,
    content_encoding character varying(64) NOT NULL,
    result text,
    date_done timestamp with time zone NOT NULL,
    traceback text,
    meta text,
    task_args text,
    task_kwargs text,
    task_name character varying(255),
    worker character varying(100),
    date_created timestamp with time zone NOT NULL,
    periodic_task_name character varying(255)
);


ALTER TABLE public.django_celery_results_taskresult OWNER TO lora;

--
-- Name: django_celery_results_taskresult_id_seq; Type: SEQUENCE; Schema: public; Owner: lora
--

ALTER TABLE public.django_celery_results_taskresult ALTER COLUMN id ADD GENERATED BY DEFAULT AS IDENTITY (
    SEQUENCE NAME public.django_celery_results_taskresult_id_seq
    START WITH 1
    INCREMENT BY 1
    NO MINVALUE
    NO MAXVALUE
    CACHE 1
);


--
-- Name: django_content_type; Type: TABLE; Schema: public; Owner: lora
--

CREATE TABLE public.django_content_type (
    id integer NOT NULL,
    app_label character varying(100) NOT NULL,
    model character varying(100) NOT NULL
);


ALTER TABLE public.django_content_type OWNER TO lora;

--
-- Name: django_content_type_id_seq; Type: SEQUENCE; Schema: public; Owner: lora
--

ALTER TABLE public.django_content_type ALTER COLUMN id ADD GENERATED BY DEFAULT AS IDENTITY (
    SEQUENCE NAME public.django_content_type_id_seq
    START WITH 1
    INCREMENT BY 1
    NO MINVALUE
    NO MAXVALUE
    CACHE 1
);


--
-- Name: django_migrations; Type: TABLE; Schema: public; Owner: lora
--

CREATE TABLE public.django_migrations (
    id bigint NOT NULL,
    app character varying(255) NOT NULL,
    name character varying(255) NOT NULL,
    applied timestamp with time zone NOT NULL
);


ALTER TABLE public.django_migrations OWNER TO lora;

--
-- Name: django_migrations_id_seq; Type: SEQUENCE; Schema: public; Owner: lora
--

ALTER TABLE public.django_migrations ALTER COLUMN id ADD GENERATED BY DEFAULT AS IDENTITY (
    SEQUENCE NAME public.django_migrations_id_seq
    START WITH 1
    INCREMENT BY 1
    NO MINVALUE
    NO MAXVALUE
    CACHE 1
);


--
-- Name: django_session; Type: TABLE; Schema: public; Owner: lora
--

CREATE TABLE public.django_session (
    session_key character varying(40) NOT NULL,
    session_data text NOT NULL,
    expire_date timestamp with time zone NOT NULL
);


ALTER TABLE public.django_session OWNER TO lora;

--
-- Name: users_customuser; Type: TABLE; Schema: public; Owner: lora
--

CREATE TABLE public.users_customuser (
    id bigint NOT NULL,
    password character varying(128) NOT NULL,
    last_login timestamp with time zone,
    is_superuser boolean NOT NULL,
    username character varying(150) NOT NULL,
    first_name character varying(150) NOT NULL,
    last_name character varying(150) NOT NULL,
    email character varying(254) NOT NULL,
    is_staff boolean NOT NULL,
    is_active boolean NOT NULL,
    date_joined timestamp with time zone NOT NULL,
    bio text,
    profile_picture character varying(100)
);


ALTER TABLE public.users_customuser OWNER TO lora;

--
-- Name: users_customuser_groups; Type: TABLE; Schema: public; Owner: lora
--

CREATE TABLE public.users_customuser_groups (
    id bigint NOT NULL,
    customuser_id bigint NOT NULL,
    group_id integer NOT NULL
);


ALTER TABLE public.users_customuser_groups OWNER TO lora;

--
-- Name: users_customuser_groups_id_seq; Type: SEQUENCE; Schema: public; Owner: lora
--

ALTER TABLE public.users_customuser_groups ALTER COLUMN id ADD GENERATED BY DEFAULT AS IDENTITY (
    SEQUENCE NAME public.users_customuser_groups_id_seq
    START WITH 1
    INCREMENT BY 1
    NO MINVALUE
    NO MAXVALUE
    CACHE 1
);


--
-- Name: users_customuser_id_seq; Type: SEQUENCE; Schema: public; Owner: lora
--

ALTER TABLE public.users_customuser ALTER COLUMN id ADD GENERATED BY DEFAULT AS IDENTITY (
    SEQUENCE NAME public.users_customuser_id_seq
    START WITH 1
    INCREMENT BY 1
    NO MINVALUE
    NO MAXVALUE
    CACHE 1
);


--
-- Name: users_customuser_user_permissions; Type: TABLE; Schema: public; Owner: lora
--

CREATE TABLE public.users_customuser_user_permissions (
    id bigint NOT NULL,
    customuser_id bigint NOT NULL,
    permission_id integer NOT NULL
);


ALTER TABLE public.users_customuser_user_permissions OWNER TO lora;

--
-- Name: users_customuser_user_permissions_id_seq; Type: SEQUENCE; Schema: public; Owner: lora
--

ALTER TABLE public.users_customuser_user_permissions ALTER COLUMN id ADD GENERATED BY DEFAULT AS IDENTITY (
    SEQUENCE NAME public.users_customuser_user_permissions_id_seq
    START WITH 1
    INCREMENT BY 1
    NO MINVALUE
    NO MAXVALUE
    CACHE 1
);


--
-- Name: users_newslettersubscription; Type: TABLE; Schema: public; Owner: lora
--

CREATE TABLE public.users_newslettersubscription (
    id bigint NOT NULL,
    email character varying(254) NOT NULL,
    is_active boolean NOT NULL,
    created_at timestamp with time zone NOT NULL,
    updated_at timestamp with time zone NOT NULL
);


ALTER TABLE public.users_newslettersubscription OWNER TO lora;

--
-- Name: users_newslettersubscription_id_seq; Type: SEQUENCE; Schema: public; Owner: lora
--

ALTER TABLE public.users_newslettersubscription ALTER COLUMN id ADD GENERATED BY DEFAULT AS IDENTITY (
    SEQUENCE NAME public.users_newslettersubscription_id_seq
    START WITH 1
    INCREMENT BY 1
    NO MINVALUE
    NO MAXVALUE
    CACHE 1
);


--
-- Name: users_notification; Type: TABLE; Schema: public; Owner: lora
--

CREATE TABLE public.users_notification (
    id bigint NOT NULL,
    title character varying(255) NOT NULL,
    message text NOT NULL,
    is_read boolean NOT NULL,
    created_at timestamp with time zone NOT NULL,
    notification_type character varying(50) NOT NULL,
    user_id bigint NOT NULL
);


ALTER TABLE public.users_notification OWNER TO lora;

--
-- Name: users_notification_id_seq; Type: SEQUENCE; Schema: public; Owner: lora
--

ALTER TABLE public.users_notification ALTER COLUMN id ADD GENERATED BY DEFAULT AS IDENTITY (
    SEQUENCE NAME public.users_notification_id_seq
    START WITH 1
    INCREMENT BY 1
    NO MINVALUE
    NO MAXVALUE
    CACHE 1
);


--
-- Data for Name: Main_country; Type: TABLE DATA; Schema: public; Owner: lora
--

COPY public."Main_country" (id, name) FROM stdin;
1	США
2	Великобритания
3	Франция
4	Япония
5	Южная Корея
\.


--
-- Data for Name: Main_genre; Type: TABLE DATA; Schema: public; Owner: lora
--

COPY public."Main_genre" (id, name) FROM stdin;
1	Драма
2	Комедия
3	Боевик
4	Фантастика
5	Триллер
6	Романтика
7	Аниме
\.


--
-- Data for Name: Main_movie; Type: TABLE DATA; Schema: public; Owner: lora
--

COPY public."Main_movie" (id, title, description, release_year, poster, created_at, trailer_url, kinopoisk_rating, kinopoisk_url, watch_url) FROM stdin;
6	Твоё имя	Романтическая история о двух подростках, которые обмениваются телами	2016	posters/movies/Твоё-имя_poster.jpg	2025-04-28 15:36:38.118472+02	https://www.youtube.com/watch?v=https://www.youtube.com/watch?v=O11Z8ZRAzCc	8.4	https://www.kinopoisk.ru/film/958722/	https://www.kinopoisk.ru/film/958722/watch/
2	Унесённые призраками	Анимационный фильм о девочке, попавшей в мир духов	2001		2025-04-28 15:36:37.866175+02	https://www.youtube.com/watch?v=https://www.youtube.com/v/BSUmdE5bIoc	8.5	https://www.kinopoisk.ru/film/370/	https://www.kinopoisk.ru/film/370/watch/
4	Паразиты	История о двух семьях из разных социальных слоев и их неожиданном переплетении судеб	2019	posters/movies/Паразиты_poster.jpg	2025-04-28 15:36:38.11049+02	https://www.youtube.com/watch?v=https://www.youtube.com/watch?v=_ACboKRn8d0	8	https://www.kinopoisk.ru/film/1043758/	https://www.kinopoisk.ru/film/1043758/watch/
5	Форрест Гамп	История жизни простого человека с необычной судьбой	1994	posters/movies/Форрест-Гамп_poster.jpg	2025-04-28 15:36:38.114985+02	https://www.youtube.com/watch?v=https://youtu.be/Mj9IA9tTfio	8.9	https://www.kinopoisk.ru/film/448/	https://www.kinopoisk.ru/film/448/watch/
7	Джентльмены	Криминальная комедия о британском наркобизнесе	2019	posters/movies/Джентльмены_poster.jpg	2025-04-28 15:36:38.124092+02	https://www.youtube.com/watch?v=https://www.youtube.com/watch?v=DF6G7X_ov8c	8.6	https://www.kinopoisk.ru/film/1143242/	https://www.kinopoisk.ru/film/1143242/watch/
3	Интерстеллар	Фантастическая история о путешествии через червоточину в поисках нового дома для человечества	2014		2025-04-28 15:36:38.102797+02	https://www.youtube.com/watch?v=https://www.youtube.com/watch?v=bFckUVFpzH8	8.7	https://www.kinopoisk.ru/film/258687/	https://www.kinopoisk.ru/film/258687/watch/
1	Начало	Фильм о внедрении идей в подсознание через сон	2010	posters/movies/Начало_poster.jpg	2025-04-28 15:36:37.856673+02	https://www.youtube.com/watch?v=https://www.youtube.com/v/CJXn7hNtblE	8.7	https://www.kinopoisk.ru/film/447301/	https://www.kinopoisk.ru/film/447301/watch/
\.


--
-- Data for Name: Main_movie_country; Type: TABLE DATA; Schema: public; Owner: lora
--

COPY public."Main_movie_country" (id, movie_id, country_id) FROM stdin;
1	1	1
2	1	2
3	2	4
4	3	1
5	3	2
6	4	5
7	5	1
8	6	4
9	7	2
10	7	1
\.


--
-- Data for Name: Main_movie_genres; Type: TABLE DATA; Schema: public; Owner: lora
--

COPY public."Main_movie_genres" (id, movie_id, genre_id) FROM stdin;
1	1	4
2	1	3
3	1	5
4	2	7
5	2	4
6	3	4
7	3	1
8	4	1
9	4	5
10	5	1
11	5	2
12	6	7
13	6	6
14	6	4
15	7	2
16	7	3
\.


--
-- Data for Name: Main_movieimage; Type: TABLE DATA; Schema: public; Owner: lora
--

COPY public."Main_movieimage" (id, image, description, movie_id) FROM stdin;
1	movie_images/Джентльмены_frame.jpg	Кадр из фильма Джентльмены	7
2	movie_images/Джентльмены_frame_9frkA0H.jpg	Кадр из фильма Джентльмены	7
3	movie_images/Джентльмены_frame_BHey5MD.jpg	Кадр из фильма Джентльмены	7
4	movie_images/Джентльмены_frame_pvyNO2W.jpg	Кадр из фильма Джентльмены	7
5	movie_images/Джентльмены_frame_PAxb4Sb.jpg	Кадр из фильма Джентльмены	7
6	movie_images/Твоё_имя_frame.jpg	Кадр из фильма Твоё имя	6
7	movie_images/Твоё_имя_frame_ntLZXRb.jpg	Кадр из фильма Твоё имя	6
8	movie_images/Твоё_имя_frame_KeD0YdV.jpg	Кадр из фильма Твоё имя	6
9	movie_images/Твоё_имя_frame_7FaKpZo.jpg	Кадр из фильма Твоё имя	6
10	movie_images/Твоё_имя_frame_OKe2jYy.jpg	Кадр из фильма Твоё имя	6
11	movie_images/Форрест_Гамп_frame.jpg	Кадр из фильма Форрест Гамп	5
12	movie_images/Форрест_Гамп_frame_OfjFgDw.jpg	Кадр из фильма Форрест Гамп	5
13	movie_images/Форрест_Гамп_frame_l5VyTVa.jpg	Кадр из фильма Форрест Гамп	5
14	movie_images/Форрест_Гамп_frame_wJlJ4CC.jpg	Кадр из фильма Форрест Гамп	5
15	movie_images/Форрест_Гамп_frame_paFsnyF.jpg	Кадр из фильма Форрест Гамп	5
16	movie_images/Паразиты_frame.jpg	Кадр из фильма Паразиты	4
17	movie_images/Паразиты_frame_aXcvgZI.jpg	Кадр из фильма Паразиты	4
18	movie_images/Паразиты_frame_RoYOx01.jpg	Кадр из фильма Паразиты	4
19	movie_images/Паразиты_frame_86QIEG2.jpg	Кадр из фильма Паразиты	4
20	movie_images/Паразиты_frame_PnUB8hc.jpg	Кадр из фильма Паразиты	4
21	movie_images/Интерстеллар_frame.jpg	Кадр из фильма Интерстеллар	3
22	movie_images/Интерстеллар_frame_iuDOVj3.jpg	Кадр из фильма Интерстеллар	3
23	movie_images/Интерстеллар_frame_jJEZMkJ.jpg	Кадр из фильма Интерстеллар	3
24	movie_images/Интерстеллар_frame_RU05EM1.jpg	Кадр из фильма Интерстеллар	3
25	movie_images/Интерстеллар_frame_jJDqIGc.jpg	Кадр из фильма Интерстеллар	3
26	movie_images/Унесённые_призраками_frame.jpg	Кадр из фильма Унесённые призраками	2
27	movie_images/Унесённые_призраками_frame_QYOhSQW.jpg	Кадр из фильма Унесённые призраками	2
28	movie_images/Унесённые_призраками_frame_U2f40Ev.jpg	Кадр из фильма Унесённые призраками	2
29	movie_images/Унесённые_призраками_frame_w5BBDXk.jpg	Кадр из фильма Унесённые призраками	2
30	movie_images/Унесённые_призраками_frame_eDw8Gfo.jpg	Кадр из фильма Унесённые призраками	2
31	movie_images/Начало_frame.jpg	Кадр из фильма Начало	1
32	movie_images/Начало_frame_ApOoKsP.jpg	Кадр из фильма Начало	1
33	movie_images/Начало_frame_ssywmNN.jpg	Кадр из фильма Начало	1
34	movie_images/Начало_frame_cIfhtv5.jpg	Кадр из фильма Начало	1
35	movie_images/Начало_frame_QVaag3p.jpg	Кадр из фильма Начало	1
36	movie_images/Джентльмены_frame_RtmBWl1.jpg	Кадр из фильма Джентльмены	7
37	movie_images/Джентльмены_frame_Ckdn0lN.jpg	Кадр из фильма Джентльмены	7
38	movie_images/Джентльмены_frame_eTz1Zmx.jpg	Кадр из фильма Джентльмены	7
39	movie_images/Джентльмены_frame_j4KrTY8.jpg	Кадр из фильма Джентльмены	7
40	movie_images/Джентльмены_frame_ZL1uXzu.jpg	Кадр из фильма Джентльмены	7
41	movie_images/Джентльмены_frame_2XGGxWP.jpg	Кадр из фильма Джентльмены	7
42	movie_images/Джентльмены_frame_uuLmXDa.jpg	Кадр из фильма Джентльмены	7
43	movie_images/Джентльмены_frame_NzTe1EA.jpg	Кадр из фильма Джентльмены	7
44	movie_images/Джентльмены_frame_4dS8NTC.jpg	Кадр из фильма Джентльмены	7
45	movie_images/Джентльмены_frame_FJ0rRnJ.jpg	Кадр из фильма Джентльмены	7
46	movie_images/Джентльмены_frame_WQYSOV8.jpg	Кадр из фильма Джентльмены	7
47	movie_images/Джентльмены_frame_kc2wgpp.jpg	Кадр из фильма Джентльмены	7
48	movie_images/Джентльмены_frame_zwzCX1f.jpg	Кадр из фильма Джентльмены	7
49	movie_images/Джентльмены_frame_NywlQmF.jpg	Кадр из фильма Джентльмены	7
50	movie_images/Джентльмены_frame_luWmCoq.jpg	Кадр из фильма Джентльмены	7
51	movie_images/Твоё-имя_frame.jpg	Кадр из фильма Твоё имя	6
52	movie_images/Твоё-имя_frame_Dpg2erx.jpg	Кадр из фильма Твоё имя	6
53	movie_images/Твоё-имя_frame_WVcv7RC.jpg	Кадр из фильма Твоё имя	6
54	movie_images/Твоё-имя_frame_d3ak6yu.jpg	Кадр из фильма Твоё имя	6
55	movie_images/Твоё-имя_frame_Oh2kihY.jpg	Кадр из фильма Твоё имя	6
56	movie_images/Джентльмены_frame_E3x4zNE.jpg	Кадр из фильма Джентльмены	7
57	movie_images/Джентльмены_frame_ak6g3vk.jpg	Кадр из фильма Джентльмены	7
58	movie_images/Джентльмены_frame_LI2262s.jpg	Кадр из фильма Джентльмены	7
59	movie_images/Джентльмены_frame_ogheY6s.jpg	Кадр из фильма Джентльмены	7
60	movie_images/Джентльмены_frame_qQqaAOK.jpg	Кадр из фильма Джентльмены	7
61	movie_images/Форрест-Гамп_frame.jpg	Кадр из фильма Форрест Гамп	5
62	movie_images/Форрест-Гамп_frame_HBLdhBm.jpg	Кадр из фильма Форрест Гамп	5
63	movie_images/Форрест-Гамп_frame_YiYZsTI.jpg	Кадр из фильма Форрест Гамп	5
64	movie_images/Форрест-Гамп_frame_5F1V22c.jpg	Кадр из фильма Форрест Гамп	5
65	movie_images/Форрест-Гамп_frame_ksFJbh3.jpg	Кадр из фильма Форрест Гамп	5
66	movie_images/Джентльмены_frame_zXlpZI1.jpg	Кадр из фильма Джентльмены	7
67	movie_images/Джентльмены_frame_4SJhr86.jpg	Кадр из фильма Джентльмены	7
68	movie_images/Джентльмены_frame_BDqnWYR.jpg	Кадр из фильма Джентльмены	7
69	movie_images/Джентльмены_frame_oFGjW9Y.jpg	Кадр из фильма Джентльмены	7
70	movie_images/Джентльмены_frame_wOQMUN0.jpg	Кадр из фильма Джентльмены	7
71	movie_images/Паразиты_frame_4gMdsnK.jpg	Кадр из фильма Паразиты	4
72	movie_images/Паразиты_frame_CEusvs7.jpg	Кадр из фильма Паразиты	4
73	movie_images/Паразиты_frame_JwyLQ3A.jpg	Кадр из фильма Паразиты	4
74	movie_images/Паразиты_frame_JxdXXkk.jpg	Кадр из фильма Паразиты	4
75	movie_images/Паразиты_frame_3nLcrn4.jpg	Кадр из фильма Паразиты	4
76	movie_images/Начало_frame_yXMmEyB.jpg	Кадр из фильма Начало	1
77	movie_images/Начало_frame_6HCBk0Z.jpg	Кадр из фильма Начало	1
78	movie_images/Начало_frame_UsEUV9g.jpg	Кадр из фильма Начало	1
79	movie_images/Начало_frame_YkrTzvC.jpg	Кадр из фильма Начало	1
80	movie_images/Начало_frame_Z9v7JTP.jpg	Кадр из фильма Начало	1
\.


--
-- Data for Name: Main_payment; Type: TABLE DATA; Schema: public; Owner: lora
--

COPY public."Main_payment" (id, amount, payment_date, status, subscription_id, user_id) FROM stdin;
1	499.00	2025-04-28 15:50:48.934171+02	completed	2	3
2	199.00	2025-04-28 15:57:39.746302+02	completed	5	3
3	699.00	2025-04-28 20:35:39.841598+02	completed	3	3
4	299.00	2025-04-28 20:43:20.271503+02	completed	1	3
5	299.00	2025-04-28 20:51:27.306102+02	completed	1	3
6	499.00	2025-04-28 20:53:19.856347+02	completed	2	3
7	499.00	2025-04-28 20:54:31.224662+02	completed	2	3
8	499.00	2025-04-28 20:57:10.391463+02	completed	2	3
9	499.00	2025-04-30 18:29:46.571079+02	completed	2	3
10	299.00	2025-05-16 14:16:37.627301+02	completed	1	3
11	899.00	2025-05-16 14:17:59.313655+02	completed	4	3
\.


--
-- Data for Name: Main_review; Type: TABLE DATA; Schema: public; Owner: lora
--

COPY public."Main_review" (id, text, rating, created_at, movie_id, user_id, serial_id, status) FROM stdin;
1	Тестирую отправку отзывов_1	3	2025-05-04 17:51:54.803937+02	\N	3	6	pending
4	тест отзыв 4	2	2025-05-04 19:23:48.853846+02	\N	3	6	pending
5	тест отзыв 5	3	2025-05-04 19:25:59.122021+02	\N	3	6	pending
2	Тестирую отзыв 2	9	2025-05-04 17:58:54.61921+02	\N	3	6	pending
6	тест фильм 1	7	2025-05-04 19:45:34.374069+02	6	3	\N	pending
7	тест 4	8	2025-05-04 19:47:21.024982+02	4	3	\N	pending
8	тест 4	8	2025-05-04 19:47:23.707682+02	4	3	\N	pending
9	ц	2	2025-05-04 19:47:42.226102+02	4	3	\N	pending
10	н	4	2025-05-04 19:49:02.458258+02	4	3	\N	pending
11	5	3	2025-05-04 19:50:41.973991+02	4	3	\N	pending
12	т	1	2025-05-04 19:51:01.642077+02	6	3	\N	pending
13	т	4	2025-05-04 19:52:37.74014+02	6	3	\N	pending
14	f	1	2025-05-04 20:00:28.278442+02	6	3	\N	pending
15	f	8	2025-05-04 20:03:03.844641+02	6	3	\N	pending
16	смк	10	2025-05-04 20:06:03.934512+02	6	3	\N	pending
17	в	6	2025-05-04 20:07:45.094296+02	6	3	\N	pending
18	купы	6	2025-05-04 20:08:46.213423+02	6	3	\N	pending
19	а	6	2025-05-04 20:11:14.329512+02	6	3	\N	pending
20	 и	6	2025-05-04 20:12:34.526791+02	\N	3	6	pending
3	Тест отзыва 3	10	2025-05-04 19:22:02.554091+02	\N	3	6	approved
21	fddd	4	2025-05-05 11:02:27.163912+02	\N	3	6	pending
22	f	8	2025-05-05 11:16:46.311802+02	\N	3	6	pending
23	dd	9	2025-05-05 11:18:11.476373+02	\N	3	6	pending
24	kjfkj	7	2025-05-05 11:18:41.389746+02	\N	3	6	pending
\.


--
-- Data for Name: Main_serial; Type: TABLE DATA; Schema: public; Owner: lora
--

COPY public."Main_serial" (id, title, description, release_year, episodes, poster, created_at, kinopoisk_rating, kinopoisk_url, trailer_url, watch_url, kinopoisk_id) FROM stdin;
7	Тед Лассо	Комедия о американском тренере, работающем с британской футбольной командой	2020	34	posters/serials/Тед-Лассо_poster.jpg	2025-04-28 15:36:38.14585+02	8.5	https://www.kinopoisk.ru/film/1309707/	https://www.youtube.com/watch?v=watch?v=IR9yjn7Lkdg	https://www.kinopoisk.ru/film/1309707/watch/	1309707
6	Корона	Историческая драма о британской королевской семье	2016	60	posters/serials/Корона_poster.jpg	2025-04-28 15:36:38.143123+02	8.4	https://www.kinopoisk.ru/film/924910/	https://www.youtube.com/watch?v=watch?v=CjNZO1sHNyI	https://www.kinopoisk.ru/film/924910/watch/	924910
5	Атака титанов	Аниме о борьбе человечества с гигантскими существами	2013	87	posters/serials/Атака-титанов_poster.jpg	2025-04-28 15:36:38.139314+02	8.7	https://www.kinopoisk.ru/film/749374/	https://www.youtube.com/watch?v=watch?v=r7MosyoAUhQ	https://www.kinopoisk.ru/film/749374/watch/	749374
3	Очень странные дела	Научно-фантастический сериал о загадочных событиях в маленьком городке	2016	34	posters/serials/Очень-странные-дела_poster.jpg	2025-04-28 15:36:38.129142+02	8.4	https://www.kinopoisk.ru/film/915196/	https://www.youtube.com/watch?v=watch?v=byd2WFwb4PM	https://www.kinopoisk.ru/film/915196/watch/	915196
2	Друзья	Сериал о жизни шести друзей в Нью-Йорке	1994	236		2025-04-28 15:36:37.876811+02	9.2	https://www.kinopoisk.ru/film/77044/	https://www.youtube.com/watch?v=WMI56dHCoXQ	https://www.kinopoisk.ru/film/77044/watch/	77044
1	Игра в кальмара	Участники игры рискуют жизнью ради денежного приза	2021	9		2025-04-28 15:36:37.86917+02	7.7	https://www.kinopoisk.ru/film/1301710/	https://www.youtube.com/watch?v=watch?v=6MzxihE41b8	https://www.kinopoisk.ru/film/1301710/watch/	1301710
4	Чёрное зеркало	Антология о влиянии технологий на общество	2011	22		2025-04-28 15:36:38.135402+02	\N	https://www.kinopoisk.ru/film/655800/cast/#actor	\N	https://www.kinopoisk.ru/film/655800/cast/#actorwatch/	\N
\.


--
-- Data for Name: Main_serial_country; Type: TABLE DATA; Schema: public; Owner: lora
--

COPY public."Main_serial_country" (id, serial_id, country_id) FROM stdin;
1	1	5
2	2	1
3	3	1
4	4	2
5	5	4
6	6	2
7	7	1
8	7	2
\.


--
-- Data for Name: Main_serial_genres; Type: TABLE DATA; Schema: public; Owner: lora
--

COPY public."Main_serial_genres" (id, serial_id, genre_id) FROM stdin;
1	1	5
2	1	1
3	2	2
4	2	6
5	3	4
6	3	1
7	3	5
8	4	4
9	4	5
10	4	1
11	5	7
12	5	3
13	5	4
14	6	1
15	7	2
16	7	1
\.


--
-- Data for Name: Main_serialimage; Type: TABLE DATA; Schema: public; Owner: lora
--

COPY public."Main_serialimage" (id, image, description, serial_id) FROM stdin;
1	serial_images/Корона_frame.jpg	Кадр из сериала Корона	6
2	serial_images/Корона_frame_QizBoK1.jpg	Кадр из сериала Корона	6
3	serial_images/Корона_frame_2fQ3t2D.jpg	Кадр из сериала Корона	6
4	serial_images/Корона_frame_SXS8WSS.jpg	Кадр из сериала Корона	6
5	serial_images/Корона_frame_ay3Njwg.jpg	Кадр из сериала Корона	6
6	serial_images/Атака-титанов_frame.jpg	Кадр из сериала Атака титанов	5
7	serial_images/Атака-титанов_frame_ZUbGDCp.jpg	Кадр из сериала Атака титанов	5
8	serial_images/Атака-титанов_frame_GphEmZM.jpg	Кадр из сериала Атака титанов	5
9	serial_images/Атака-титанов_frame_nFe8MRl.jpg	Кадр из сериала Атака титанов	5
10	serial_images/Атака-титанов_frame_btxgvjK.jpg	Кадр из сериала Атака титанов	5
11	serial_images/Очень-странные-дела_frame.jpg	Кадр из сериала Очень странные дела	3
12	serial_images/Очень-странные-дела_frame_YWRnaDv.jpg	Кадр из сериала Очень странные дела	3
13	serial_images/Очень-странные-дела_frame_lqfcnln.jpg	Кадр из сериала Очень странные дела	3
14	serial_images/Очень-странные-дела_frame_Td7EFfO.jpg	Кадр из сериала Очень странные дела	3
15	serial_images/Очень-странные-дела_frame_PC3zXUp.jpg	Кадр из сериала Очень странные дела	3
16	serial_images/Тед-Лассо_frame.jpg	Кадр из сериала Тед Лассо	7
17	serial_images/Тед-Лассо_frame_uUr6hEB.jpg	Кадр из сериала Тед Лассо	7
18	serial_images/Тед-Лассо_frame_QqTbfz8.jpg	Кадр из сериала Тед Лассо	7
19	serial_images/Тед-Лассо_frame_663dLLT.jpg	Кадр из сериала Тед Лассо	7
20	serial_images/Тед-Лассо_frame_mmdBgqs.jpg	Кадр из сериала Тед Лассо	7
21	serial_images/Друзья_frame_547dc529.jpg		2
22	serial_images/Друзья_frame_d703b783.jpg		2
23	serial_images/Друзья_frame_5c7b6533.jpg		2
24	serial_images/Друзья_frame_9c1f8bc8.jpg		2
25	serial_images/Друзья_frame_28ea52b2.jpg		2
26	serial_images/Друзья_frame_89c16281.jpg		2
27	serial_images/Друзья_frame_51b289b8.jpg		2
28	serial_images/Друзья_frame_9e5ec2a8.jpg		2
29	serial_images/Друзья_frame_f4843ab0.jpg		2
30	serial_images/Друзья_frame_36ccb2b1.jpg		2
31	serial_images/Друзья_frame_459ba43a.jpg		2
32	serial_images/Друзья_frame_b8b0c6b8.jpg		2
33	serial_images/Друзья_frame_1e4fadfe.jpg		2
34	serial_images/Друзья_frame_959ba960.jpg		2
35	serial_images/Друзья_frame_5b4838e2.jpg		2
36	serial_images/Друзья_frame_0e45560b.jpg		2
37	serial_images/Друзья_frame_ca1c73d7.jpg		2
38	serial_images/Друзья_frame_dc550b14.jpg		2
39	serial_images/Друзья_frame_8fb5deb4.jpg		2
40	serial_images/Друзья_frame_f15e91d9.jpg		2
41	serial_images/Друзья_frame_9a263448.jpg		2
42	serial_images/Друзья_frame_a432d1bc.jpg		2
43	serial_images/Друзья_frame_b8d7ea59.jpg		2
44	serial_images/Друзья_frame_7a9b9541.jpg		2
45	serial_images/Друзья_frame_53b22273.jpg		2
46	serial_images/Друзья_frame_59b7d6c8.jpg		2
47	serial_images/Друзья_frame_cbc9d500.jpg		2
48	serial_images/Друзья_frame_f8a4c39c.jpg		2
49	serial_images/Друзья_frame_1b877f41.jpg		2
50	serial_images/Друзья_frame_4d783780.jpg		2
51	serial_images/Друзья_frame_c74bc332.jpg		2
52	serial_images/Друзья_frame_d93268a9.jpg		2
53	serial_images/Друзья_frame_088ec2f7.jpg		2
54	serial_images/Друзья_frame_98d0834e.jpg		2
55	serial_images/Друзья_frame_06f5949a.jpg		2
56	serial_images/Друзья_frame_bae84406.jpg		2
57	serial_images/Друзья_frame_f09de799.jpg		2
58	serial_images/Друзья_frame_50d1d95b.jpg		2
59	serial_images/Друзья_frame_4f90d582.jpg		2
60	serial_images/Друзья_frame_01b83ab3.jpg		2
61	serial_images/Друзья_frame_f35e1748.jpg		2
62	serial_images/Друзья_frame_e2ae5b0d.jpg		2
63	serial_images/Друзья_frame_29c4136f.jpg		2
64	serial_images/Друзья_frame_cabda54c.jpg		2
65	serial_images/Друзья_frame_a2fd8660.jpg		2
66	serial_images/Друзья_frame_108dd005.jpg		2
67	serial_images/Друзья_frame_909fa0d8.jpg		2
68	serial_images/Друзья_frame_0e470113.jpg		2
69	serial_images/Друзья_frame_d44f6ad1.jpg		2
70	serial_images/Друзья_frame_bceadace.jpg		2
71	serial_images/Друзья_frame_01d6081d.jpg		2
72	serial_images/Друзья_frame_51d4ba22.jpg		2
73	serial_images/Друзья_frame_f7ff60e0.jpg		2
74	serial_images/Друзья_frame_994f445f.jpg		2
75	serial_images/Друзья_frame_1914b9ee.jpg		2
76	serial_images/Друзья_frame_11013fa1.jpg		2
77	serial_images/Друзья_frame_bd6b6c69.jpg		2
78	serial_images/Друзья_frame_5a969a99.jpg		2
79	serial_images/Друзья_frame_7200c4e3.jpg		2
80	serial_images/Друзья_frame_dcd81bd9.jpg		2
81	serial_images/Друзья_frame_3e19dd03.jpg		2
82	serial_images/Друзья_frame_fdca5195.jpg		2
83	serial_images/Друзья_frame_8b4d9f35.jpg		2
84	serial_images/Друзья_frame_fdd1dbc1.jpg		2
85	serial_images/Друзья_frame_71c00de4.jpg		2
86	serial_images/Друзья_frame_4b3b2f81.jpg		2
87	serial_images/Друзья_frame_f33f5010.jpg		2
88	serial_images/Друзья_frame_56fe564d.jpg		2
89	serial_images/Друзья_frame_9b3e5727.jpg		2
90	serial_images/Друзья_frame_1ff887d2.jpg		2
91	serial_images/Друзья_frame_cd1b795c.jpg		2
92	serial_images/Друзья_frame_02ab0936.jpg		2
93	serial_images/Друзья_frame_ba6cdcca.jpg		2
94	serial_images/Друзья_frame_07669b12.jpg		2
95	serial_images/Друзья_frame_a85192e1.jpg		2
96	serial_images/Друзья_frame_af3fd3f6.jpg		2
97	serial_images/Друзья_frame_55aa5b5a.jpg		2
98	serial_images/Друзья_frame_888ffccc.jpg		2
99	serial_images/Друзья_frame_f35ff377.jpg		2
100	serial_images/Друзья_frame_309d82c7.jpg		2
101	serial_images/Друзья_frame_8e3c3840.jpg		2
102	serial_images/Друзья_frame_cbc69cef.jpg		2
103	serial_images/Друзья_frame_7c17700c.jpg		2
104	serial_images/Друзья_frame_60903691.jpg		2
105	serial_images/Друзья_frame_64b0007d.jpg		2
106	serial_images/Друзья_frame_5638e4d9.jpg		2
107	serial_images/Друзья_frame_9ef75077.jpg		2
108	serial_images/Друзья_frame_07a539d5.jpg		2
109	serial_images/Друзья_frame_af0aa637.jpg		2
110	serial_images/Друзья_frame_62461f18.jpg		2
111	serial_images/Друзья_frame_8ce64702.jpg		2
112	serial_images/Друзья_frame_f7eaa572.jpg		2
113	serial_images/Друзья_frame_9a4deb06.jpg		2
114	serial_images/Друзья_frame_192ba0ca.jpg		2
115	serial_images/Друзья_frame_895f881e.jpg		2
116	serial_images/Друзья_frame_7fe6329b.jpg		2
117	serial_images/Друзья_frame_7c79f96e.jpg		2
118	serial_images/Друзья_frame_383c6e5c.jpg		2
119	serial_images/Друзья_frame_15c69c2c.jpg		2
120	serial_images/Друзья_frame_4f2e19b0.jpg		2
121	serial_images/Друзья_frame_d1b992b6.jpg		2
122	serial_images/Друзья_frame_213efd2f.jpg		2
123	serial_images/Друзья_frame_b896f440.jpg		2
124	serial_images/Друзья_frame_84f8fbb2.jpg		2
125	serial_images/Друзья_frame_951f0855.jpg		2
126	serial_images/Друзья_frame_91608dd1.jpg		2
127	serial_images/Друзья_frame_6c894fe1.jpg		2
128	serial_images/Друзья_frame_0ead711a.jpg		2
129	serial_images/Друзья_frame_2dc5e6d5.jpg		2
130	serial_images/Друзья_frame_8b5efb55.jpg		2
131	serial_images/Друзья_frame_7053bf55.jpg		2
132	serial_images/Друзья_frame_769c0381.jpg		2
133	serial_images/Друзья_frame_f14c78a8.jpg		2
134	serial_images/Друзья_frame_295bee72.jpg		2
135	serial_images/Друзья_frame_1bd4a607.jpg		2
136	serial_images/Друзья_frame_f7225bff.jpg		2
137	serial_images/Друзья_frame_b0312843.jpg		2
138	serial_images/Друзья_frame_08bd51ad.jpg		2
139	serial_images/Друзья_frame_e22900a0.jpg		2
140	serial_images/Друзья_frame_f7a8c620.jpg		2
141	serial_images/Друзья_frame_99afe8e6.jpg		2
142	serial_images/Друзья_frame_d365d171.jpg		2
143	serial_images/Друзья_frame_0ba66789.jpg		2
144	serial_images/Друзья_frame_7af673be.jpg		2
145	serial_images/Друзья_frame_62f80a85.jpg		2
146	serial_images/Друзья_frame_53da9386.jpg		2
147	serial_images/Друзья_frame_d64cfce7.jpg		2
148	serial_images/Друзья_frame_62301a32.jpg		2
149	serial_images/Друзья_frame_402d9ff4.jpg		2
150	serial_images/Друзья_frame_07bf80bd.jpg		2
151	serial_images/Друзья_frame_7856200c.jpg		2
152	serial_images/Друзья_frame_bda46be7.jpg		2
153	serial_images/Друзья_frame_693d9fc9.jpg		2
154	serial_images/Друзья_frame_7c54c3f4.jpg		2
155	serial_images/Друзья_frame_082296c9.jpg		2
156	serial_images/Друзья_frame_07a4862b.jpg		2
157	serial_images/Друзья_frame_4e9ecbba.jpg		2
158	serial_images/Друзья_frame_0b2e794c.jpg		2
159	serial_images/Друзья_frame_1ebcef0e.jpg		2
160	serial_images/Друзья_frame_035e4adc.jpg		2
161	serial_images/Друзья_frame_05d99948.jpg		2
162	serial_images/Друзья_frame_67cae563.jpg		2
163	serial_images/Друзья_frame_b595c050.jpg		2
164	serial_images/Друзья_frame_7972bf02.jpg		2
165	serial_images/Друзья_frame_03f0631e.jpg		2
166	serial_images/Друзья_frame_0b06fabe.jpg		2
167	serial_images/Друзья_frame_0d93fc46.jpg		2
168	serial_images/Друзья_frame_1e26f3b3.jpg		2
169	serial_images/Друзья_frame_e6e799a9.jpg		2
170	serial_images/Друзья_frame_d9d5b3b1.jpg		2
171	serial_images/Друзья_frame_65df836e.jpg		2
172	serial_images/Друзья_frame_69997429.jpg		2
173	serial_images/Друзья_frame_beb61015.jpg		2
174	serial_images/Друзья_frame_fdb6d073.jpg		2
175	serial_images/Друзья_frame_33d13f99.jpg		2
176	serial_images/Друзья_frame_b12e6650.jpg		2
177	serial_images/Друзья_frame_f240b6be.jpg		2
178	serial_images/Друзья_frame_9e205250.jpg		2
179	serial_images/Друзья_frame_007b8ed3.jpg		2
180	serial_images/Друзья_frame_90d721e3.jpg		2
181	serial_images/Друзья_frame_a9cc3455.jpg		2
182	serial_images/Друзья_frame_2f753d5e.jpg		2
183	serial_images/Друзья_frame_4cb5c006.jpg		2
184	serial_images/Друзья_frame_ab99565a.jpg		2
185	serial_images/Друзья_frame_c1ab058f.jpg		2
186	serial_images/Друзья_frame_45ce2a5b.jpg		2
187	serial_images/Друзья_frame_8afd68db.jpg		2
188	serial_images/Друзья_frame_cd18be05.jpg		2
189	serial_images/Друзья_frame_49113d5a.jpg		2
190	serial_images/Друзья_frame_806a750c.jpg		2
191	serial_images/Друзья_frame_c8d7ab98.jpg		2
192	serial_images/Друзья_frame_e3e9862b.jpg		2
193	serial_images/Друзья_frame_e5babc10.jpg		2
194	serial_images/Друзья_frame_4ae84bdc.jpg		2
195	serial_images/Друзья_frame_172cef73.jpg		2
196	serial_images/Друзья_frame_14572fc3.jpg		2
197	serial_images/Друзья_frame_fd217027.jpg		2
198	serial_images/Друзья_frame_f8a33855.jpg		2
199	serial_images/Друзья_frame_130990a0.jpg		2
200	serial_images/Друзья_frame_55300502.jpg		2
201	serial_images/Друзья_frame_0ef38e84.jpg		2
202	serial_images/Друзья_frame_59303c4c.jpg		2
203	serial_images/Друзья_frame_40e171e3.jpg		2
204	serial_images/Друзья_frame_b9324660.jpg		2
205	serial_images/Друзья_frame_9fc2dc2b.jpg		2
206	serial_images/Друзья_frame_a1823094.jpg		2
207	serial_images/Друзья_frame_401167e5.jpg		2
208	serial_images/Друзья_frame_8763ceb8.jpg		2
209	serial_images/Друзья_frame_74b51280.jpg		2
210	serial_images/Друзья_frame_30452e56.jpg		2
211	serial_images/Друзья_frame_925de110.jpg		2
212	serial_images/Друзья_frame_5962cb94.jpg		2
213	serial_images/Друзья_frame_770bc240.jpg		2
214	serial_images/Друзья_frame_fef26ffd.jpg		2
215	serial_images/Друзья_frame_01306522.jpg		2
216	serial_images/Друзья_frame_9afee530.jpg		2
217	serial_images/Друзья_frame_b00eb308.jpg		2
218	serial_images/Друзья_frame_4a49a173.jpg		2
219	serial_images/Друзья_frame_277ede43.jpg		2
220	serial_images/Друзья_frame_3ca4bbd0.jpg		2
221	serial_images/Друзья_frame_38c88b48.jpg		2
222	serial_images/Друзья_frame_234d2525.jpg		2
223	serial_images/Друзья_frame_88043c6f.jpg		2
224	serial_images/Друзья_frame_430039e1.jpg		2
225	serial_images/Друзья_frame_dc236988.jpg		2
226	serial_images/Друзья_frame_ec2a7c48.jpg		2
227	serial_images/Друзья_frame_1721ba88.jpg		2
228	serial_images/Друзья_frame_198408ac.jpg		2
229	serial_images/Друзья_frame_ac9e4f7d.jpg		2
230	serial_images/Друзья_frame_4e76a0d0.jpg		2
231	serial_images/Друзья_frame_2b2342fa.jpg		2
232	serial_images/Друзья_frame_54a00ae7.jpg		2
233	serial_images/Друзья_frame_62a781a9.jpg		2
234	serial_images/Друзья_frame_ea08e5f5.jpg		2
235	serial_images/Друзья_frame_73218cc3.jpg		2
236	serial_images/Друзья_frame_da4b9ca4.jpg		2
237	serial_images/Друзья_frame_7b29c7a2.jpg		2
238	serial_images/Друзья_frame_4f08f907.jpg		2
239	serial_images/Друзья_frame_57b87b8c.jpg		2
240	serial_images/Друзья_frame_7ece451d.jpg		2
241	serial_images/Друзья_frame_a56a3e90.jpg		2
242	serial_images/Друзья_frame_0ae18e66.jpg		2
243	serial_images/Друзья_frame_c54fa18d.jpg		2
244	serial_images/Друзья_frame_9b7514cd.jpg		2
245	serial_images/Друзья_frame_c5e59a6f.jpg		2
246	serial_images/Друзья_frame_3174fb62.jpg		2
247	serial_images/Друзья_frame_fa743578.jpg		2
248	serial_images/Друзья_frame_e4dd9c6b.jpg		2
249	serial_images/Друзья_frame_8bab5d57.jpg		2
250	serial_images/Друзья_frame_e3120373.jpg		2
251	serial_images/Друзья_frame_6e84632a.jpg		2
252	serial_images/Друзья_frame_812e78ac.jpg		2
253	serial_images/Друзья_frame_1b722428.jpg		2
254	serial_images/Друзья_frame_f1a61dc5.jpg		2
255	serial_images/Друзья_frame_7c22cfa9.jpg		2
256	serial_images/Друзья_frame_3e635f7f.jpg		2
257	serial_images/Друзья_frame_aceb6f1d.jpg		2
258	serial_images/Друзья_frame_eea75be6.jpg		2
259	serial_images/Друзья_frame_63cc3fcc.jpg		2
260	serial_images/Друзья_frame_93cbd7f0.jpg		2
261	serial_images/Друзья_frame_3310a80e.jpg		2
262	serial_images/Друзья_frame_bb292181.jpg		2
263	serial_images/Друзья_frame_41b5be2f.jpg		2
264	serial_images/Друзья_frame_846511d2.jpg		2
265	serial_images/Друзья_frame_f2050dc9.jpg		2
266	serial_images/Друзья_frame_811c392d.jpg		2
267	serial_images/Друзья_frame_04c06d2f.jpg		2
268	serial_images/Друзья_frame_9d904580.jpg		2
269	serial_images/Друзья_frame_2082dc70.jpg		2
270	serial_images/Друзья_frame_3e914805.jpg		2
271	serial_images/Друзья_frame_3d772a91.jpg		2
272	serial_images/Друзья_frame_634875de.jpg		2
273	serial_images/Друзья_frame_dd7d0d3d.jpg		2
274	serial_images/Друзья_frame_164d3861.jpg		2
275	serial_images/Друзья_frame_4b3ee114.jpg		2
276	serial_images/Друзья_frame_1ccc0457.jpg		2
277	serial_images/Друзья_frame_432623df.jpg		2
278	serial_images/Друзья_frame_93000ff9.jpg		2
279	serial_images/Друзья_frame_f20b978f.jpg		2
280	serial_images/Друзья_frame_5dca594e.jpg		2
281	serial_images/Друзья_frame_1933addc.jpg		2
282	serial_images/Друзья_frame_b9dfaacf.jpg		2
283	serial_images/Друзья_frame_4261dbde.jpg		2
284	serial_images/Друзья_frame_1bdab70e.jpg		2
285	serial_images/Друзья_frame_30ffe5ee.jpg		2
286	serial_images/Друзья_frame_160c96bd.jpg		2
287	serial_images/Друзья_frame_a5de3bad.jpg		2
288	serial_images/Друзья_frame_6db6a079.jpg		2
289	serial_images/Друзья_frame_3498b4b7.jpg		2
290	serial_images/Друзья_frame_7834bdba.jpg		2
291	serial_images/Друзья_frame_527552f1.jpg		2
292	serial_images/Друзья_frame_7d972315.jpg		2
293	serial_images/Друзья_frame_9ea431f2.jpg		2
294	serial_images/Друзья_frame_7e05c7bd.jpg		2
295	serial_images/Друзья_frame_219ac988.jpg		2
296	serial_images/Друзья_frame_67664aca.jpg		2
297	serial_images/Друзья_frame_9b9bbabc.jpg		2
298	serial_images/Друзья_frame_87e6dee9.jpg		2
299	serial_images/Друзья_frame_d30ae135.jpg		2
300	serial_images/Друзья_frame_5929e967.jpg		2
301	serial_images/Друзья_frame_b1209ac9.jpg		2
302	serial_images/Друзья_frame_75ef2970.jpg		2
303	serial_images/Друзья_frame_3bbda333.jpg		2
304	serial_images/Друзья_frame_5cee964e.jpg		2
305	serial_images/Друзья_frame_b88af337.jpg		2
306	serial_images/Друзья_frame_9f7a68c2.jpg		2
307	serial_images/Друзья_frame_d1d4289c.jpg		2
308	serial_images/Друзья_frame_d050db83.jpg		2
309	serial_images/Друзья_frame_f7b08b54.jpg		2
310	serial_images/Друзья_frame_1de1fa97.jpg		2
311	serial_images/Друзья_frame_3149402b.jpg		2
312	serial_images/Друзья_frame_f5c8a467.jpg		2
313	serial_images/Друзья_frame_36d4ae94.jpg		2
314	serial_images/Друзья_frame_ecf04a2e.jpg		2
315	serial_images/Друзья_frame_bc88a828.jpg		2
316	serial_images/Друзья_frame_01f3074a.jpg		2
317	serial_images/Друзья_frame_858103b8.jpg		2
318	serial_images/Друзья_frame_6a81a4d5.jpg		2
319	serial_images/Друзья_frame_29631324.jpg		2
320	serial_images/Друзья_frame_03f288ad.jpg		2
321	serial_images/Друзья_frame_9822fe34.jpg		2
322	serial_images/Друзья_frame_d976877e.jpg		2
323	serial_images/Друзья_frame_7ed56945.jpg		2
324	serial_images/Друзья_frame_55e7d127.jpg		2
325	serial_images/Друзья_frame_c400b22e.jpg		2
326	serial_images/Друзья_frame_04a500f0.jpg		2
327	serial_images/Друзья_frame_97bd50de.jpg		2
328	serial_images/Друзья_frame_a3daaa68.jpg		2
329	serial_images/Друзья_frame_edac90a4.jpg		2
330	serial_images/Друзья_frame_4da716c7.jpg		2
331	serial_images/Друзья_frame_6eddfb8f.jpg		2
332	serial_images/Друзья_frame_ffea1f0e.jpg		2
333	serial_images/Друзья_frame_cd039c05.jpg		2
334	serial_images/Друзья_frame_9bbefc9f.jpg		2
335	serial_images/Друзья_frame_0226fdb0.jpg		2
336	serial_images/Друзья_frame_93195250.jpg		2
337	serial_images/Друзья_frame_a1cd670b.jpg		2
338	serial_images/Друзья_frame_e1e1dc89.jpg		2
339	serial_images/Друзья_frame_ba59b05e.jpg		2
340	serial_images/Друзья_frame_ca0ce4c8.jpg		2
341	serial_images/Друзья_frame_20a2025b.jpg		2
342	serial_images/Друзья_frame_494d29b6.jpg		2
343	serial_images/Друзья_frame_8edd38f2.jpg		2
344	serial_images/Друзья_frame_0e017b42.jpg		2
345	serial_images/Друзья_frame_86691806.jpg		2
346	serial_images/Друзья_frame_a6a0e710.jpg		2
347	serial_images/Друзья_frame_21092810.jpg		2
348	serial_images/Друзья_frame_94b2391a.jpg		2
349	serial_images/Друзья_frame_0b4aebee.jpg		2
350	serial_images/Друзья_frame_0b266e00.jpg		2
351	serial_images/Друзья_frame_fb335215.jpg		2
352	serial_images/Друзья_frame_c2d5848d.jpg		2
353	serial_images/Друзья_frame_9bc4f4d9.jpg		2
354	serial_images/Друзья_frame_af430ea9.jpg		2
355	serial_images/Друзья_frame_4d0eaef6.jpg		2
356	serial_images/Друзья_frame_468d972e.jpg		2
357	serial_images/Друзья_frame_2ad8d90d.jpg		2
358	serial_images/Друзья_frame_b8b8ea55.jpg		2
359	serial_images/Друзья_frame_445e1d88.jpg		2
360	serial_images/Друзья_frame_f0568c7a.jpg		2
361	serial_images/Друзья_frame_56a88fc8.jpg		2
362	serial_images/Друзья_frame_9df90b96.jpg		2
363	serial_images/Друзья_frame_c363fc8d.jpg		2
364	serial_images/Друзья_frame_5d3c77d2.jpg		2
365	serial_images/Друзья_frame_955402f5.jpg		2
366	serial_images/Друзья_frame_e2157dd5.jpg		2
367	serial_images/Друзья_frame_142c0c57.jpg		2
368	serial_images/Друзья_frame_7a7fb576.jpg		2
369	serial_images/Друзья_frame_d3014807.jpg		2
370	serial_images/Друзья_frame_302f4e04.jpg		2
371	serial_images/Друзья_frame_248c7741.jpg		2
372	serial_images/Друзья_frame_0d95bda4.jpg		2
373	serial_images/Друзья_frame_db9535e9.jpg		2
374	serial_images/Друзья_frame_ff3d604f.jpg		2
375	serial_images/Друзья_frame_99f65b9f.jpg		2
376	serial_images/Друзья_frame_8eb92040.jpg		2
377	serial_images/Друзья_frame_dba8d8f2.jpg		2
378	serial_images/Друзья_frame_c4169e90.jpg		2
379	serial_images/Друзья_frame_e3912dca.jpg		2
380	serial_images/Друзья_frame_fd9ed2d0.jpg		2
381	serial_images/Друзья_frame_36b4699a.jpg		2
382	serial_images/Друзья_frame_591a709a.jpg		2
383	serial_images/Друзья_frame_23171417.jpg		2
384	serial_images/Друзья_frame_927072eb.jpg		2
385	serial_images/Друзья_frame_b59a45f5.jpg		2
386	serial_images/Друзья_frame_dbb66d36.jpg		2
387	serial_images/Друзья_frame_8cdb45e9.jpg		2
388	serial_images/Друзья_frame_6b642e7f.jpg		2
389	serial_images/Друзья_frame_5dae0a07.jpg		2
390	serial_images/Друзья_frame_c7c031f4.jpg		2
391	serial_images/Друзья_frame_92fc32a1.jpg		2
392	serial_images/Друзья_frame_31500d3d.jpg		2
393	serial_images/Друзья_frame_825e4a39.jpg		2
394	serial_images/Друзья_frame_c0621535.jpg		2
395	serial_images/Друзья_frame_95cc9d5e.jpg		2
396	serial_images/Друзья_frame_b425fc8f.jpg		2
397	serial_images/Друзья_frame_8b8612a7.jpg		2
398	serial_images/Друзья_frame_1a87d79d.jpg		2
399	serial_images/Друзья_frame_34b0a894.jpg		2
400	serial_images/Друзья_frame_0264e2b5.jpg		2
401	serial_images/Друзья_frame_412b721c.jpg		2
402	serial_images/Друзья_frame_e7e6d1af.jpg		2
403	serial_images/Друзья_frame_7787b743.jpg		2
404	serial_images/Друзья_frame_a9615718.jpg		2
405	serial_images/Друзья_frame_efa39168.jpg		2
406	serial_images/Друзья_frame_15c15dd8.jpg		2
407	serial_images/Друзья_frame_92c8121d.jpg		2
408	serial_images/Друзья_frame_ac4621c2.jpg		2
409	serial_images/Друзья_frame_63b5f06b.jpg		2
410	serial_images/Друзья_frame_842c810e.jpg		2
411	serial_images/Друзья_frame_ed97e1f6.jpg		2
412	serial_images/Друзья_frame_c79fe027.jpg		2
413	serial_images/Друзья_frame_9646ec90.jpg		2
414	serial_images/Друзья_frame_9c7c5fc1.jpg		2
415	serial_images/Друзья_frame_9e9d1a89.jpg		2
416	serial_images/Друзья_frame_46fe747b.jpg		2
417	serial_images/Друзья_frame_20d021f1.jpg		2
418	serial_images/Друзья_frame_8b93a002.jpg		2
419	serial_images/Друзья_frame_7c2a790f.jpg		2
420	serial_images/Друзья_frame_dc6a3e3c.jpg		2
421	serial_images/Друзья_frame_fea6b031.jpg		2
422	serial_images/Друзья_frame_a3262ca3.jpg		2
423	serial_images/Друзья_frame_1494b9bc.jpg		2
424	serial_images/Друзья_frame_fefb25b3.jpg		2
425	serial_images/Друзья_frame_196d16d0.jpg		2
426	serial_images/Друзья_frame_1e2d324b.jpg		2
427	serial_images/Друзья_frame_466b71f3.jpg		2
428	serial_images/Друзья_frame_44fa08d3.jpg		2
429	serial_images/Друзья_frame_aa35c3fe.jpg		2
430	serial_images/Друзья_frame_9c2e76a7.jpg		2
431	serial_images/Друзья_frame_94301327.jpg		2
432	serial_images/Друзья_frame_11eedc08.jpg		2
433	serial_images/Друзья_frame_e26c19d0.jpg		2
434	serial_images/Друзья_frame_31f76b03.jpg		2
435	serial_images/Друзья_frame_fc68fd15.jpg		2
436	serial_images/Друзья_frame_ee66596a.jpg		2
437	serial_images/Друзья_frame_7f905bd3.jpg		2
438	serial_images/Друзья_frame_f3c8a52e.jpg		2
439	serial_images/Друзья_frame_f1866509.jpg		2
440	serial_images/Друзья_frame_75fec3ba.jpg		2
441	serial_images/Друзья_frame_a6436289.jpg		2
442	serial_images/Друзья_frame_8172200c.jpg		2
443	serial_images/Друзья_frame_238c72fe.jpg		2
444	serial_images/Друзья_frame_6018d22f.jpg		2
445	serial_images/Друзья_frame_b9024d11.jpg		2
446	serial_images/Друзья_frame_e6d7eac5.jpg		2
447	serial_images/Друзья_frame_672eb1f9.jpg		2
448	serial_images/Друзья_frame_ca615f34.jpg		2
449	serial_images/Друзья_frame_018d7fef.jpg		2
450	serial_images/Друзья_frame_acc8162e.jpg		2
451	serial_images/Друзья_frame_cfa4be90.jpg		2
452	serial_images/Друзья_frame_8cb9a7de.jpg		2
453	serial_images/Друзья_frame_15a7ab7d.jpg		2
454	serial_images/Друзья_frame_a0fed656.jpg		2
455	serial_images/Друзья_frame_be7d924f.jpg		2
456	serial_images/Друзья_frame_70b4437b.jpg		2
457	serial_images/Друзья_frame_525dcdde.jpg		2
458	serial_images/Друзья_frame_f374f8e4.jpg		2
459	serial_images/Друзья_frame_0ff4f092.jpg		2
460	serial_images/Друзья_frame_82882879.jpg		2
461	serial_images/Друзья_frame_3078afa4.jpg		2
462	serial_images/Друзья_frame_36f6948c.jpg		2
463	serial_images/Друзья_frame_0d9c7256.jpg		2
464	serial_images/Друзья_frame_860c5670.jpg		2
465	serial_images/Друзья_frame_c1fa2984.jpg		2
466	serial_images/Друзья_frame_d08360b6.jpg		2
467	serial_images/Друзья_frame_07a63314.jpg		2
468	serial_images/Друзья_frame_9f8becaa.jpg		2
469	serial_images/Друзья_frame_59a0e25e.jpg		2
470	serial_images/Друзья_frame_bd205011.jpg		2
471	serial_images/Друзья_frame_c0213ff7.jpg		2
472	serial_images/Друзья_frame_6f59996a.jpg		2
473	serial_images/Друзья_frame_6c120129.jpg		2
474	serial_images/Друзья_frame_db762209.jpg		2
475	serial_images/Друзья_frame_9ba41355.jpg		2
476	serial_images/Друзья_frame_97ac9e03.jpg		2
477	serial_images/Друзья_frame_a67d4238.jpg		2
478	serial_images/Друзья_frame_6fa81401.jpg		2
479	serial_images/Друзья_frame_fd11037d.jpg		2
480	serial_images/Друзья_frame_bb1b81b4.jpg		2
481	serial_images/Друзья_frame_ce5b9545.jpg		2
482	serial_images/Друзья_frame_719d5907.jpg		2
483	serial_images/Друзья_frame_8e19e9fd.jpg		2
484	serial_images/Друзья_frame_754f52c2.jpg		2
485	serial_images/Друзья_frame_9b797d1e.jpg		2
486	serial_images/Друзья_frame_9602ecec.jpg		2
487	serial_images/Друзья_frame_ede5e55a.jpg		2
488	serial_images/Друзья_frame_1bf4eee5.jpg		2
489	serial_images/Друзья_frame_b0fbdb08.jpg		2
490	serial_images/Друзья_frame_bfeefff1.jpg		2
491	serial_images/Друзья_frame_87d9502c.jpg		2
492	serial_images/Друзья_frame_6547c6c9.jpg		2
493	serial_images/Друзья_frame_92f696b1.jpg		2
494	serial_images/Друзья_frame_48124944.jpg		2
495	serial_images/Друзья_frame_4a0fc19d.jpg		2
496	serial_images/Друзья_frame_a59a51da.jpg		2
497	serial_images/Друзья_frame_040a84f2.jpg		2
498	serial_images/Друзья_frame_3318fdd4.jpg		2
499	serial_images/Друзья_frame_61074e48.jpg		2
500	serial_images/Друзья_frame_5c95cbfd.jpg		2
501	serial_images/Друзья_frame_9b382f96.jpg		2
502	serial_images/Друзья_frame_4f674faa.jpg		2
503	serial_images/Друзья_frame_ba02a1f6.jpg		2
504	serial_images/Друзья_frame_1810f548.jpg		2
505	serial_images/Друзья_frame_fa7ea22c.jpg		2
\.


--
-- Data for Name: Main_subscription; Type: TABLE DATA; Schema: public; Owner: lora
--

COPY public."Main_subscription" (id, name, description, price, duration_days) FROM stdin;
1	Базовая	Доступ к базовой библиотеке фильмов и сериалов в HD качестве. Просмотр на 1 устройстве.	299.00	30
2	Стандарт	Доступ ко всей библиотеке в Full HD качестве. Просмотр на 2 устройствах одновременно. Загрузка контента для офлайн просмотра.	499.00	30
3	Премиум	Полный доступ к библиотеке в 4K качестве. Просмотр на 4 устройствах одновременно. Эксклюзивный ранний доступ к новинкам. Загрузка контента для офлайн просмотра.	699.00	30
4	Семейный	Все преимущества Премиум подписки + возможность создания до 6 профилей. Просмотр на 6 устройствах одновременно. Родительский контроль.	899.00	30
5	Студенческий	Специальное предложение для студентов. Доступ к базовой библиотеке в HD качестве. Просмотр на 1 устройстве.	199.00	30
\.


--
-- Data for Name: Main_usersubscription; Type: TABLE DATA; Schema: public; Owner: lora
--

COPY public."Main_usersubscription" (id, start_date, end_date, is_active, auto_renewal, subscription_id, user_id) FROM stdin;
1	2025-04-28 15:50:48.929132+02	2025-05-28 15:50:48.928841+02	f	t	2	3
2	2025-04-28 15:57:39.744155+02	2025-05-28 15:57:39.74394+02	f	t	5	3
3	2025-04-28 20:35:39.83847+02	2025-05-28 20:35:39.838239+02	f	t	3	3
4	2025-04-28 20:43:20.269134+02	2025-05-28 20:43:20.268887+02	f	t	1	3
5	2025-04-28 20:51:27.302818+02	2025-05-28 20:51:27.302577+02	f	t	1	3
6	2025-04-28 20:53:19.855246+02	2025-05-28 20:53:19.855126+02	f	t	2	3
7	2025-04-28 20:54:31.222948+02	2025-05-28 20:54:31.222706+02	f	t	2	3
8	2025-04-28 20:57:10.389194+02	2025-05-28 20:57:10.388968+02	f	t	2	3
9	2025-04-30 18:29:46.568877+02	2025-05-30 18:29:46.56861+02	f	f	2	3
10	2025-05-16 14:16:37.623853+02	2025-06-15 14:16:37.623563+02	f	f	1	3
11	2025-05-16 14:17:59.311771+02	2025-06-15 14:17:59.311523+02	t	t	4	3
\.


--
-- Data for Name: auth_group; Type: TABLE DATA; Schema: public; Owner: lora
--

COPY public.auth_group (id, name) FROM stdin;
2	Модераторы
3	moderators
\.


--
-- Data for Name: auth_group_permissions; Type: TABLE DATA; Schema: public; Owner: lora
--

COPY public.auth_group_permissions (id, group_id, permission_id) FROM stdin;
9	2	33
10	2	34
11	2	35
12	2	38
13	2	39
14	2	29
15	2	30
16	2	31
\.


--
-- Data for Name: auth_permission; Type: TABLE DATA; Schema: public; Owner: lora
--

COPY public.auth_permission (id, name, content_type_id, codename) FROM stdin;
1	Can add log entry	1	add_logentry
2	Can change log entry	1	change_logentry
3	Can delete log entry	1	delete_logentry
4	Can view log entry	1	view_logentry
5	Can add permission	2	add_permission
6	Can change permission	2	change_permission
7	Can delete permission	2	delete_permission
8	Can view permission	2	view_permission
9	Can add group	3	add_group
10	Can change group	3	change_group
11	Can delete group	3	delete_group
12	Can view group	3	view_group
13	Can add content type	4	add_contenttype
14	Can change content type	4	change_contenttype
15	Can delete content type	4	delete_contenttype
16	Can view content type	4	view_contenttype
17	Can add session	5	add_session
18	Can change session	5	change_session
19	Can delete session	5	delete_session
20	Can view session	5	view_session
21	Can add Страна	6	add_country
22	Can change Страна	6	change_country
23	Can delete Страна	6	delete_country
24	Can view Страна	6	view_country
25	Can add Жанр	7	add_genre
26	Can change Жанр	7	change_genre
27	Can delete Жанр	7	delete_genre
28	Can view Жанр	7	view_genre
29	Can add Фильм	8	add_movie
30	Can change Фильм	8	change_movie
31	Can delete Фильм	8	delete_movie
32	Can view Фильм	8	view_movie
33	Can add Сериал	9	add_serial
34	Can change Сериал	9	change_serial
35	Can delete Сериал	9	delete_serial
36	Can view Сериал	9	view_serial
37	Can add Отзыв	10	add_review
38	Can change Отзыв	10	change_review
39	Can delete Отзыв	10	delete_review
40	Can view Отзыв	10	view_review
41	Can add Подписка	11	add_subscription
42	Can change Подписка	11	change_subscription
43	Can delete Подписка	11	delete_subscription
44	Can view Подписка	11	view_subscription
45	Can add Подписка пользователя	12	add_usersubscription
46	Can change Подписка пользователя	12	change_usersubscription
47	Can delete Подписка пользователя	12	delete_usersubscription
48	Can view Подписка пользователя	12	view_usersubscription
49	Can add Платеж	13	add_payment
50	Can change Платеж	13	change_payment
51	Can delete Платеж	13	delete_payment
52	Can view Платеж	13	view_payment
53	Can add user	14	add_customuser
54	Can change user	14	change_customuser
55	Can delete user	14	delete_customuser
56	Can view user	14	view_customuser
57	Can add Изображение фильма	15	add_movieimage
58	Can change Изображение фильма	15	change_movieimage
59	Can delete Изображение фильма	15	delete_movieimage
60	Can view Изображение фильма	15	view_movieimage
61	Can add Изображение сериала	16	add_serialimage
62	Can change Изображение сериала	16	change_serialimage
63	Can delete Изображение сериала	16	delete_serialimage
64	Can view Изображение сериала	16	view_serialimage
65	Can add task result	17	add_taskresult
66	Can change task result	17	change_taskresult
67	Can delete task result	17	delete_taskresult
68	Can view task result	17	view_taskresult
69	Can add chord counter	18	add_chordcounter
70	Can change chord counter	18	change_chordcounter
71	Can delete chord counter	18	delete_chordcounter
72	Can view chord counter	18	view_chordcounter
73	Can add group result	19	add_groupresult
74	Can change group result	19	change_groupresult
75	Can delete group result	19	delete_groupresult
76	Can view group result	19	view_groupresult
77	Can add notification	20	add_notification
78	Can change notification	20	change_notification
79	Can delete notification	20	delete_notification
80	Can view notification	20	view_notification
81	Can add Подписка на рассылку	21	add_newslettersubscription
82	Can change Подписка на рассылку	21	change_newslettersubscription
83	Can delete Подписка на рассылку	21	delete_newslettersubscription
84	Can view Подписка на рассылку	21	view_newslettersubscription
\.


--
-- Data for Name: django_admin_log; Type: TABLE DATA; Schema: public; Owner: lora
--

COPY public.django_admin_log (id, action_time, object_id, object_repr, action_flag, change_message, content_type_id, user_id) FROM stdin;
1	2025-04-23 20:50:57.218008+02	15	Форрест Гамп	3		8	1
2	2025-04-23 20:50:57.221036+02	10	Форрест Гамп	3		8	1
3	2025-04-23 20:55:27.422713+02	8	Интерстеллар	3		8	1
4	2025-04-23 20:55:27.442801+02	3	Интерстеллар	3		8	1
5	2025-04-23 20:55:38.771868+02	11	Твоё имя	3		8	1
6	2025-04-23 20:55:38.775118+02	6	Твоё имя	3		8	1
7	2025-04-23 20:56:00.823342+02	12	Джентльмены	3		8	1
8	2025-04-23 20:56:00.826686+02	9	Паразиты	3		8	1
9	2025-04-23 20:56:00.82804+02	7	Джентльмены	3		8	1
10	2025-04-23 20:56:00.829102+02	4	Паразиты	3		8	1
11	2025-04-23 20:56:22.15458+02	12	Тед Лассо	3		9	1
12	2025-04-23 20:56:22.157499+02	7	Тед Лассо	3		9	1
13	2025-04-23 20:56:37.422438+02	11	Корона	3		9	1
14	2025-04-23 20:56:37.425862+02	8	Очень странные дела	3		9	1
15	2025-04-23 20:56:37.426574+02	6	Корона	3		9	1
16	2025-04-23 20:56:37.427319+02	3	Очень странные дела	3		9	1
17	2025-04-23 20:56:49.617719+02	10	Атака титанов	3		9	1
18	2025-04-23 20:56:49.61952+02	5	Атака титанов	3		9	1
19	2025-04-23 20:57:04.116759+02	9	Чёрное зеркало	3		9	1
20	2025-04-23 20:57:04.119993+02	4	Чёрное зеркало	3		9	1
21	2025-04-23 20:57:16.411848+02	2	Друзья	3		9	1
22	2025-04-23 20:57:32.306282+02	1	Игра в кальмара	3		9	1
23	2025-04-23 20:57:45.950103+02	5	Форрест Гамп	3		8	1
24	2025-04-28 15:22:20.127131+02	2	Moderator2	1	[{"added": {}}]	14	1
25	2025-04-28 15:22:42.522149+02	2	Moderator2	2	[{"changed": {"fields": ["Staff status", "Groups"]}}]	14	1
26	2025-04-28 15:24:39.859512+02	3	Pavel	1	[{"added": {}}]	14	1
27	2025-04-28 19:50:11.197265+02	2	Moderator2	2	[{"changed": {"fields": ["Groups"]}}]	14	1
28	2025-05-05 10:53:36.681031+02	3	moderators	1	[{"added": {}}]	3	1
29	2025-05-05 10:53:48.087055+02	2	Moderator2	2	[{"changed": {"fields": ["Groups"]}}]	14	1
30	2025-05-05 20:43:55.452026+02	3	Pavel	2	[{"changed": {"fields": ["Email address"]}}]	14	1
31	2025-05-06 13:06:46.964552+02	2	larachka.06@gmail.com	3		21	1
32	2025-05-06 13:06:46.967183+02	1	larachka.06@mail.ru	3		21	1
33	2025-05-12 20:37:11.424565+02	6	a6ram4uk@gmail.com	3		21	1
34	2025-05-12 20:37:11.429432+02	5	larachka.06@mail.com	3		21	1
35	2025-05-12 20:37:11.430301+02	4	larachka.06@mail.ru	3		21	1
36	2025-05-12 20:37:11.430991+02	3	larachka.06@gmail.com	3		21	1
37	2025-05-16 13:42:57.331217+02	8	larachka.06@gmail.com	3		21	1
38	2025-05-16 13:42:57.338564+02	7	larachka.06@mail.ru	3		21	1
\.


--
-- Data for Name: django_celery_results_chordcounter; Type: TABLE DATA; Schema: public; Owner: lora
--

COPY public.django_celery_results_chordcounter (id, group_id, sub_tasks, count) FROM stdin;
\.


--
-- Data for Name: django_celery_results_groupresult; Type: TABLE DATA; Schema: public; Owner: lora
--

COPY public.django_celery_results_groupresult (id, group_id, date_created, date_done, content_type, content_encoding, result) FROM stdin;
\.


--
-- Data for Name: django_celery_results_taskresult; Type: TABLE DATA; Schema: public; Owner: lora
--

COPY public.django_celery_results_taskresult (id, task_id, status, content_type, content_encoding, result, date_done, traceback, meta, task_args, task_kwargs, task_name, worker, date_created, periodic_task_name) FROM stdin;
1	ad383787-050e-4560-be32-7672fd34297b	FAILURE	application/json	utf-8	{"exc_type": "AttributeError", "exc_message": ["'Movie' object has no attribute 'views_count'"], "exc_module": "builtins"}	2025-05-05 19:38:18.34707+02	\N	{"children": []}	\N	\N	\N	\N	2025-05-05 19:38:18.347058+02	\N
2	d2cbd6ba-7650-4ca0-85d0-60d3c072f7ff	FAILURE	application/json	utf-8	{"exc_type": "AttributeError", "exc_message": ["'Movie' object has no attribute 'views_count'"], "exc_module": "builtins"}	2025-05-05 19:38:18.347936+02	\N	{"children": []}	\N	\N	\N	\N	2025-05-05 19:38:18.347928+02	\N
3	23a1537b-e6ab-4afe-bcac-f0874e2f8421	FAILURE	application/json	utf-8	{"exc_type": "AttributeError", "exc_message": ["'Movie' object has no attribute 'views_count'"], "exc_module": "builtins"}	2025-05-05 19:38:18.349036+02	\N	{"children": []}	\N	\N	\N	\N	2025-05-05 19:38:18.349025+02	\N
4	bb43b1f6-5219-457e-b9aa-30e31905c90c	FAILURE	application/json	utf-8	{"exc_type": "NotRegistered", "exc_message": ["users.tasks.test_notification_system"], "exc_module": "celery.exceptions"}	2025-05-05 19:54:43.933066+02	\N	{"children": []}	\N	\N	\N	\N	2025-05-05 19:54:43.933054+02	\N
5	b9d02bdc-5ad2-493c-a086-8b4b72c2d56c	FAILURE	application/json	utf-8	{"exc_type": "NotRegistered", "exc_message": ["users.tasks.test_notification_system"], "exc_module": "celery.exceptions"}	2025-05-05 19:55:54.362884+02	\N	{"children": []}	\N	\N	\N	\N	2025-05-05 19:55:54.362875+02	\N
6	bfe8936f-bfc3-4319-86df-f8dfcef891aa	FAILURE	application/json	utf-8	{"exc_type": "NotRegistered", "exc_message": ["users.tasks.test_notification_system"], "exc_module": "celery.exceptions"}	2025-05-05 20:03:40.851633+02	\N	{"children": []}	\N	\N	\N	\N	2025-05-05 20:03:40.851622+02	\N
7	f001cca5-449a-4e21-8533-6972e96892f3	SUCCESS	application/json	utf-8	"\\u0422\\u0435\\u0441\\u0442\\u043e\\u0432\\u044b\\u0435 \\u0443\\u0432\\u0435\\u0434\\u043e\\u043c\\u043b\\u0435\\u043d\\u0438\\u044f \\u043e\\u0442\\u043f\\u0440\\u0430\\u0432\\u043b\\u0435\\u043d\\u044b"	2025-05-05 20:07:09.685702+02	\N	{"children": [[["6f98911b-a175-4452-9830-b139c7583d51", null], null]]}	\N	\N	\N	\N	2025-05-05 20:07:09.685685+02	\N
8	6f98911b-a175-4452-9830-b139c7583d51	SUCCESS	application/json	utf-8	"\\u041e\\u0442\\u043f\\u0440\\u0430\\u0432\\u043b\\u0435\\u043d\\u043e 3 \\u0443\\u0432\\u0435\\u0434\\u043e\\u043c\\u043b\\u0435\\u043d\\u0438\\u0439"	2025-05-05 20:07:09.725183+02	\N	{"children": []}	\N	\N	\N	\N	2025-05-05 20:07:09.725177+02	\N
9	2e254f1c-a270-4695-a5e8-c1acec6e3d8b	SUCCESS	application/json	utf-8	"\\u0423\\u0432\\u0435\\u0434\\u043e\\u043c\\u043b\\u0435\\u043d\\u0438\\u044f \\u043e \\u043d\\u043e\\u0432\\u043e\\u043c \\u043a\\u043e\\u043d\\u0442\\u0435\\u043d\\u0442\\u0435 \\u043e\\u0442\\u043f\\u0440\\u0430\\u0432\\u043b\\u0435\\u043d\\u044b"	2025-05-05 20:17:24.780832+02	\N	{"children": []}	\N	\N	\N	\N	2025-05-05 20:17:24.780826+02	\N
10	262c5adf-9e8c-49e2-b608-d9f915693ea2	FAILURE	application/json	utf-8	{"exc_type": "AttributeError", "exc_message": ["'Movie' object has no attribute 'views_count'"], "exc_module": "builtins"}	2025-05-05 20:17:24.785007+02	\N	{"children": []}	\N	\N	\N	\N	2025-05-05 20:17:24.784999+02	\N
11	2a8e9e6f-30f6-45c5-b5c9-0ef8ad3be5dd	SUCCESS	application/json	utf-8	"\\u0423\\u0432\\u0435\\u0434\\u043e\\u043c\\u043b\\u0435\\u043d\\u0438\\u044f \\u043e\\u0431 \\u0438\\u0441\\u0442\\u0435\\u0447\\u0435\\u043d\\u0438\\u0438 \\u043f\\u043e\\u0434\\u043f\\u0438\\u0441\\u043a\\u0438 \\u043e\\u0442\\u043f\\u0440\\u0430\\u0432\\u043b\\u0435\\u043d\\u044b"	2025-05-05 20:17:36.798409+02	\N	{"children": []}	\N	\N	\N	\N	2025-05-05 20:17:36.798401+02	\N
12	df42ab4d-a32e-4a06-aaf3-ceefc1b78bdd	SUCCESS	application/json	utf-8	"\\u0422\\u0435\\u0441\\u0442\\u043e\\u0432\\u044b\\u0435 \\u0443\\u0432\\u0435\\u0434\\u043e\\u043c\\u043b\\u0435\\u043d\\u0438\\u044f \\u043e\\u0442\\u043f\\u0440\\u0430\\u0432\\u043b\\u0435\\u043d\\u044b"	2025-05-05 20:31:29.170829+02	\N	{"children": [[["7d102906-a9f0-446f-b81c-5542d01db7e7", null], null]]}	\N	\N	\N	\N	2025-05-05 20:31:29.170814+02	\N
13	7d102906-a9f0-446f-b81c-5542d01db7e7	SUCCESS	application/json	utf-8	"\\u041e\\u0442\\u043f\\u0440\\u0430\\u0432\\u043b\\u0435\\u043d\\u043e 3 \\u0443\\u0432\\u0435\\u0434\\u043e\\u043c\\u043b\\u0435\\u043d\\u0438\\u0439"	2025-05-05 20:31:29.224483+02	\N	{"children": []}	\N	\N	\N	\N	2025-05-05 20:31:29.224477+02	\N
14	494015a7-2550-4cf5-94fc-3f14999ceeb3	SUCCESS	application/json	utf-8	"\\u0422\\u0435\\u0441\\u0442\\u043e\\u0432\\u044b\\u0435 \\u0443\\u0432\\u0435\\u0434\\u043e\\u043c\\u043b\\u0435\\u043d\\u0438\\u044f \\u043e\\u0442\\u043f\\u0440\\u0430\\u0432\\u043b\\u0435\\u043d\\u044b"	2025-05-05 20:40:07.47217+02	\N	{"children": [[["742e9afb-de63-425d-8022-3c147fc1977c", null], null]]}	\N	\N	\N	\N	2025-05-05 20:40:07.472158+02	\N
15	742e9afb-de63-425d-8022-3c147fc1977c	SUCCESS	application/json	utf-8	"\\u041e\\u0442\\u043f\\u0440\\u0430\\u0432\\u043b\\u0435\\u043d\\u043e 3 \\u0443\\u0432\\u0435\\u0434\\u043e\\u043c\\u043b\\u0435\\u043d\\u0438\\u0439"	2025-05-05 20:40:07.527322+02	\N	{"children": []}	\N	\N	\N	\N	2025-05-05 20:40:07.527317+02	\N
16	24cffd16-4a23-4e0c-bfea-27bad0ce0b5c	SUCCESS	application/json	utf-8	"\\u0422\\u0435\\u0441\\u0442\\u043e\\u0432\\u044b\\u0435 \\u0443\\u0432\\u0435\\u0434\\u043e\\u043c\\u043b\\u0435\\u043d\\u0438\\u044f \\u043e\\u0442\\u043f\\u0440\\u0430\\u0432\\u043b\\u0435\\u043d\\u044b"	2025-05-05 20:45:19.682856+02	\N	{"children": [[["c65a7d3d-abdf-44eb-b800-97996b1a7f1d", null], null]]}	\N	\N	\N	\N	2025-05-05 20:45:19.682845+02	\N
17	c65a7d3d-abdf-44eb-b800-97996b1a7f1d	SUCCESS	application/json	utf-8	"\\u041e\\u0442\\u043f\\u0440\\u0430\\u0432\\u043b\\u0435\\u043d\\u043e 1 \\u0443\\u0432\\u0435\\u0434\\u043e\\u043c\\u043b\\u0435\\u043d\\u0438\\u0439"	2025-05-05 20:45:19.741156+02	\N	{"children": []}	\N	\N	\N	\N	2025-05-05 20:45:19.74115+02	\N
18	0b5988d4-d934-461e-b1b0-59d1497bf3fe	SUCCESS	application/json	utf-8	"\\u0422\\u0435\\u0441\\u0442\\u043e\\u0432\\u044b\\u0435 \\u0443\\u0432\\u0435\\u0434\\u043e\\u043c\\u043b\\u0435\\u043d\\u0438\\u044f \\u043e\\u0442\\u043f\\u0440\\u0430\\u0432\\u043b\\u0435\\u043d\\u044b"	2025-05-05 20:48:38.231391+02	\N	{"children": [[["6a6c222e-dce7-4c88-b1fd-f6189135d705", null], null]]}	\N	\N	\N	\N	2025-05-05 20:48:38.231382+02	\N
19	6a6c222e-dce7-4c88-b1fd-f6189135d705	SUCCESS	application/json	utf-8	"\\u041e\\u0442\\u043f\\u0440\\u0430\\u0432\\u043b\\u0435\\u043d\\u043e 1 \\u0443\\u0432\\u0435\\u0434\\u043e\\u043c\\u043b\\u0435\\u043d\\u0438\\u0439"	2025-05-05 20:48:38.263985+02	\N	{"children": []}	\N	\N	\N	\N	2025-05-05 20:48:38.263978+02	\N
20	40ce982d-809e-4f81-9283-8f92a90e1200	SUCCESS	application/json	utf-8	"\\u0422\\u0435\\u0441\\u0442\\u043e\\u0432\\u044b\\u0435 \\u0443\\u0432\\u0435\\u0434\\u043e\\u043c\\u043b\\u0435\\u043d\\u0438\\u044f \\u043e\\u0442\\u043f\\u0440\\u0430\\u0432\\u043b\\u0435\\u043d\\u044b"	2025-05-05 20:54:45.779102+02	\N	{"children": [[["2689236e-b67c-4cee-9bf6-59dbb61d788c", null], null]]}	\N	\N	\N	\N	2025-05-05 20:54:45.779085+02	\N
21	2689236e-b67c-4cee-9bf6-59dbb61d788c	SUCCESS	application/json	utf-8	"\\u041e\\u0442\\u043f\\u0440\\u0430\\u0432\\u043b\\u0435\\u043d\\u043e 1 \\u0443\\u0432\\u0435\\u0434\\u043e\\u043c\\u043b\\u0435\\u043d\\u0438\\u0439"	2025-05-05 20:54:45.837746+02	\N	{"children": []}	\N	\N	\N	\N	2025-05-05 20:54:45.837736+02	\N
\.


--
-- Data for Name: django_content_type; Type: TABLE DATA; Schema: public; Owner: lora
--

COPY public.django_content_type (id, app_label, model) FROM stdin;
1	admin	logentry
2	auth	permission
3	auth	group
4	contenttypes	contenttype
5	sessions	session
6	Main	country
7	Main	genre
8	Main	movie
9	Main	serial
10	Main	review
11	Main	subscription
12	Main	usersubscription
13	Main	payment
14	users	customuser
15	Main	movieimage
16	Main	serialimage
17	django_celery_results	taskresult
18	django_celery_results	chordcounter
19	django_celery_results	groupresult
20	users	notification
21	users	newslettersubscription
\.


--
-- Data for Name: django_migrations; Type: TABLE DATA; Schema: public; Owner: lora
--

COPY public.django_migrations (id, app, name, applied) FROM stdin;
1	contenttypes	0001_initial	2025-04-21 19:37:19.32535+02
2	contenttypes	0002_remove_content_type_name	2025-04-21 19:37:19.330468+02
3	auth	0001_initial	2025-04-21 19:37:19.354899+02
4	auth	0002_alter_permission_name_max_length	2025-04-21 19:37:19.357241+02
5	auth	0003_alter_user_email_max_length	2025-04-21 19:37:19.360251+02
6	auth	0004_alter_user_username_opts	2025-04-21 19:37:19.36405+02
7	auth	0005_alter_user_last_login_null	2025-04-21 19:37:19.367686+02
8	auth	0006_require_contenttypes_0002	2025-04-21 19:37:19.369151+02
9	auth	0007_alter_validators_add_error_messages	2025-04-21 19:37:19.372385+02
10	auth	0008_alter_user_username_max_length	2025-04-21 19:37:19.375435+02
11	auth	0009_alter_user_last_name_max_length	2025-04-21 19:37:19.379098+02
12	auth	0010_alter_group_name_max_length	2025-04-21 19:37:19.383817+02
13	auth	0011_update_proxy_permissions	2025-04-21 19:37:19.418202+02
14	auth	0012_alter_user_first_name_max_length	2025-04-21 19:37:19.424293+02
15	users	0001_initial	2025-04-21 19:37:19.459315+02
17	admin	0001_initial	2025-04-21 19:37:20.146342+02
18	admin	0002_logentry_remove_auto_add	2025-04-21 19:37:20.151547+02
19	admin	0003_logentry_add_action_flag_choices	2025-04-21 19:37:20.156607+02
20	sessions	0001_initial	2025-04-21 19:37:20.162871+02
28	Main	0001_initial	2025-04-28 15:34:47.866721+02
29	Main	0002_review	2025-04-28 15:34:47.878303+02
30	Main	0003_review_serial_alter_review_movie	2025-04-28 15:34:47.901078+02
31	Main	0004_subscription_usersubscription_payment	2025-04-28 15:34:47.933584+02
32	Main	0005_alter_movie_options_movie_trailer_url_and_more	2025-04-28 15:34:47.966008+02
33	Main	0006_add_subscription_data	2025-04-28 15:34:47.981883+02
34	Main	0007_alter_country_options_alter_genre_options_and_more	2025-04-28 15:34:47.995676+02
35	Main	0008_create_moderator_group	2025-04-28 15:34:48.012565+02
36	Main	0009_review_status	2025-04-30 19:13:16.683047+02
37	Main	0010_alter_country_name_alter_genre_name_and_more	2025-04-30 19:44:23.855157+02
38	users	0002_alter_customuser_options	2025-04-30 19:44:23.862811+02
39	Main	0011_movieimage_serialimage_and_more	2025-05-01 18:28:39.564971+02
40	django_celery_results	0001_initial	2025-05-05 19:33:36.932837+02
41	django_celery_results	0002_add_task_name_args_kwargs	2025-05-05 19:33:36.938445+02
42	django_celery_results	0003_auto_20181106_1101	2025-05-05 19:33:36.940098+02
43	django_celery_results	0004_auto_20190516_0412	2025-05-05 19:33:36.953989+02
44	django_celery_results	0005_taskresult_worker	2025-05-05 19:33:36.956979+02
45	django_celery_results	0006_taskresult_date_created	2025-05-05 19:33:36.97282+02
46	django_celery_results	0007_remove_taskresult_hidden	2025-05-05 19:33:36.976278+02
47	django_celery_results	0008_chordcounter	2025-05-05 19:33:36.981699+02
48	django_celery_results	0009_groupresult	2025-05-05 19:33:37.039492+02
49	django_celery_results	0010_remove_duplicate_indices	2025-05-05 19:33:37.044365+02
50	django_celery_results	0011_taskresult_periodic_task_name	2025-05-05 19:33:37.047746+02
51	Main	0012_alter_movie_options_alter_serial_options_and_more	2025-05-05 20:01:01.521177+02
52	users	0003_notification	2025-05-05 20:01:01.544578+02
53	users	0004_newslettersubscription	2025-05-06 12:20:26.192625+02
54	Main	0013_serial_kinopoisk_id	2025-05-20 13:55:22.14447+02
\.


--
-- Data for Name: django_session; Type: TABLE DATA; Schema: public; Owner: lora
--

COPY public.django_session (session_key, session_data, expire_date) FROM stdin;
yx76poksoejs5lgpwlhnsm1j7rrzyfbe	.eJxVjMEOwiAQRP-FsyFLl4bVo3e_gSywSNVAUtqT8d9tkx40mdO8N_NWntel-LXL7KekLgrV6bcLHJ9Sd5AeXO9Nx1aXeQp6V_RBu761JK_r4f4dFO5lW2cA4zLxOaPFGEQGCIaERGwyNkXDaMHK4MYRMZgtjhiQxKGDBKQ-X-X3N10:1uFtzH:OIPs_TvQoCa5Gfx03Dz3HO9pEDvB4GG_utGNJXpggoA	2025-05-30 14:16:27.58219+02
scel3r3lwijj1k9eitkew1ogqibdve09	.eJxVjMEOwiAQRP-FsyFLl4bVo3e_gSywSNVAUtqT8d9tkx40mdO8N_NWntel-LXL7KekLgrV6bcLHJ9Sd5AeXO9Nx1aXeQp6V_RBu761JK_r4f4dFO5lW2cA4zLxOaPFGEQGCIaERGwyNkXDaMHK4MYRMZgtjhiQxKGDBKQ-X-X3N10:1uC0ra:iJvS6Wjx8XYunml0IPFw5k2cYiwN9_5st63a3YJbeKU	2025-05-19 20:48:26.83605+02
kjfkt2m9lqyr8toe9knumu7h4rbnyyuo	e30:1uEXfz:m73mIU7dtxFITuotXP_mh6ahNl_oZOyljdj7tXnesJw	2025-05-26 20:14:55.669419+02
p23p1efk1p99hddn1a6wymv1icmte5n9	.eJxVjEEOwiAQRe_C2hBm6AB16d4zkAEmUjU0Ke3KeHdt0oVu_3vvv1Tkba1x67LEqaizQnX63RLnh7QdlDu326zz3NZlSnpX9EG7vs5FnpfD_Tuo3Ou3FraYvFjKQMbJCNa4MZEgD1AwCyOLx-BNSNa7HMCRYwATcCC0FNT7A9ECNqE:1uBduO:wEiZwKhVuqUs2J0ftPw8agFYusvimWWXgcY4zls_pM8	2025-05-18 20:17:48.52237+02
\.


--
-- Data for Name: users_customuser; Type: TABLE DATA; Schema: public; Owner: lora
--

COPY public.users_customuser (id, password, last_login, is_superuser, username, first_name, last_name, email, is_staff, is_active, date_joined, bio, profile_picture) FROM stdin;
2	pbkdf2_sha256$600000$vy22j40kpkaKmNrIQuSICQ$qHVu545g8YMKD+kWek9sohL00eBIsmoiLfV6OFCJtqE=	2025-05-05 12:57:15.154362+02	f	Moderator2				f	t	2025-04-28 15:22:19+02		
1	pbkdf2_sha256$600000$RKxuRiO2hAvPBPjphINR15$h5Wfrdj38ukdEtV2SzV2WTvLgsM2lpc8XSlYfnxT0tg=	2025-05-16 14:15:56.578864+02	t	admin				t	t	2025-04-23 20:49:24.279521+02	\N	
3	pbkdf2_sha256$600000$4N9SuZaxW4klWFli4tr6WL$h5DRDa3mgbFA5yJIIuA9yUrGhDCQ4QEzjs15Go5jrn4=	2025-05-16 14:16:27.5808+02	f	Pavel			larachka.06@gmail.com	f	t	2025-04-28 15:24:39+02		
\.


--
-- Data for Name: users_customuser_groups; Type: TABLE DATA; Schema: public; Owner: lora
--

COPY public.users_customuser_groups (id, customuser_id, group_id) FROM stdin;
2	2	2
4	2	3
\.


--
-- Data for Name: users_customuser_user_permissions; Type: TABLE DATA; Schema: public; Owner: lora
--

COPY public.users_customuser_user_permissions (id, customuser_id, permission_id) FROM stdin;
\.


--
-- Data for Name: users_newslettersubscription; Type: TABLE DATA; Schema: public; Owner: lora
--

COPY public.users_newslettersubscription (id, email, is_active, created_at, updated_at) FROM stdin;
\.


--
-- Data for Name: users_notification; Type: TABLE DATA; Schema: public; Owner: lora
--

COPY public.users_notification (id, title, message, is_read, created_at, notification_type, user_id) FROM stdin;
1	Тестовое уведомление	Это тестовое уведомление для проверки работы системы. Время отправки: 2025-05-05 18:07:09	f	2025-05-05 20:07:09.721+02	info	1
2	Тестовое уведомление	Это тестовое уведомление для проверки работы системы. Время отправки: 2025-05-05 18:07:09	f	2025-05-05 20:07:09.72102+02	info	2
3	Тестовое уведомление	Это тестовое уведомление для проверки работы системы. Время отправки: 2025-05-05 18:07:09	f	2025-05-05 20:07:09.72103+02	info	3
4	Тестовое уведомление	Это тестовое уведомление для проверки работы системы. Время отправки: 2025-05-05 18:31:29	f	2025-05-05 20:31:29.219374+02	info	1
5	Тестовое уведомление	Это тестовое уведомление для проверки работы системы. Время отправки: 2025-05-05 18:31:29	f	2025-05-05 20:31:29.219389+02	info	2
6	Тестовое уведомление	Это тестовое уведомление для проверки работы системы. Время отправки: 2025-05-05 18:31:29	f	2025-05-05 20:31:29.219399+02	info	3
7	Тестовое уведомление	Это тестовое уведомление для проверки работы системы. Время отправки: 2025-05-05 18:40:07	f	2025-05-05 20:40:07.5233+02	info	1
8	Тестовое уведомление	Это тестовое уведомление для проверки работы системы. Время отправки: 2025-05-05 18:40:07	f	2025-05-05 20:40:07.523321+02	info	2
9	Тестовое уведомление	Это тестовое уведомление для проверки работы системы. Время отправки: 2025-05-05 18:40:07	f	2025-05-05 20:40:07.523331+02	info	3
10	Тестовое уведомление	Это тестовое уведомление для проверки работы системы. Время отправки: 2025-05-05 18:45:19	f	2025-05-05 20:45:19.737403+02	info	3
11	Тестовое уведомление	Это тестовое уведомление для проверки работы системы. Время отправки: 2025-05-05 18:48:38	f	2025-05-05 20:48:38.260185+02	info	3
12	Тестовое уведомление	Это тестовое уведомление для проверки работы системы. Время отправки: 2025-05-05 18:54:45	f	2025-05-05 20:54:45.832312+02	info	3
\.


--
-- Name: Main_country_id_seq; Type: SEQUENCE SET; Schema: public; Owner: lora
--

SELECT pg_catalog.setval('public."Main_country_id_seq"', 5, true);


--
-- Name: Main_genre_id_seq; Type: SEQUENCE SET; Schema: public; Owner: lora
--

SELECT pg_catalog.setval('public."Main_genre_id_seq"', 7, true);


--
-- Name: Main_movie_country_id_seq; Type: SEQUENCE SET; Schema: public; Owner: lora
--

SELECT pg_catalog.setval('public."Main_movie_country_id_seq"', 10, true);


--
-- Name: Main_movie_genres_id_seq; Type: SEQUENCE SET; Schema: public; Owner: lora
--

SELECT pg_catalog.setval('public."Main_movie_genres_id_seq"', 16, true);


--
-- Name: Main_movie_id_seq; Type: SEQUENCE SET; Schema: public; Owner: lora
--

SELECT pg_catalog.setval('public."Main_movie_id_seq"', 7, true);


--
-- Name: Main_movieimage_id_seq; Type: SEQUENCE SET; Schema: public; Owner: lora
--

SELECT pg_catalog.setval('public."Main_movieimage_id_seq"', 80, true);


--
-- Name: Main_payment_id_seq; Type: SEQUENCE SET; Schema: public; Owner: lora
--

SELECT pg_catalog.setval('public."Main_payment_id_seq"', 11, true);


--
-- Name: Main_review_id_seq; Type: SEQUENCE SET; Schema: public; Owner: lora
--

SELECT pg_catalog.setval('public."Main_review_id_seq"', 24, true);


--
-- Name: Main_serial_country_id_seq; Type: SEQUENCE SET; Schema: public; Owner: lora
--

SELECT pg_catalog.setval('public."Main_serial_country_id_seq"', 8, true);


--
-- Name: Main_serial_genres_id_seq; Type: SEQUENCE SET; Schema: public; Owner: lora
--

SELECT pg_catalog.setval('public."Main_serial_genres_id_seq"', 16, true);


--
-- Name: Main_serial_id_seq; Type: SEQUENCE SET; Schema: public; Owner: lora
--

SELECT pg_catalog.setval('public."Main_serial_id_seq"', 7, true);


--
-- Name: Main_serialimage_id_seq; Type: SEQUENCE SET; Schema: public; Owner: lora
--

SELECT pg_catalog.setval('public."Main_serialimage_id_seq"', 505, true);


--
-- Name: Main_subscription_id_seq; Type: SEQUENCE SET; Schema: public; Owner: lora
--

SELECT pg_catalog.setval('public."Main_subscription_id_seq"', 5, true);


--
-- Name: Main_usersubscription_id_seq; Type: SEQUENCE SET; Schema: public; Owner: lora
--

SELECT pg_catalog.setval('public."Main_usersubscription_id_seq"', 11, true);


--
-- Name: auth_group_id_seq; Type: SEQUENCE SET; Schema: public; Owner: lora
--

SELECT pg_catalog.setval('public.auth_group_id_seq', 3, true);


--
-- Name: auth_group_permissions_id_seq; Type: SEQUENCE SET; Schema: public; Owner: lora
--

SELECT pg_catalog.setval('public.auth_group_permissions_id_seq', 16, true);


--
-- Name: auth_permission_id_seq; Type: SEQUENCE SET; Schema: public; Owner: lora
--

SELECT pg_catalog.setval('public.auth_permission_id_seq', 84, true);


--
-- Name: django_admin_log_id_seq; Type: SEQUENCE SET; Schema: public; Owner: lora
--

SELECT pg_catalog.setval('public.django_admin_log_id_seq', 38, true);


--
-- Name: django_celery_results_chordcounter_id_seq; Type: SEQUENCE SET; Schema: public; Owner: lora
--

SELECT pg_catalog.setval('public.django_celery_results_chordcounter_id_seq', 1, false);


--
-- Name: django_celery_results_groupresult_id_seq; Type: SEQUENCE SET; Schema: public; Owner: lora
--

SELECT pg_catalog.setval('public.django_celery_results_groupresult_id_seq', 1, false);


--
-- Name: django_celery_results_taskresult_id_seq; Type: SEQUENCE SET; Schema: public; Owner: lora
--

SELECT pg_catalog.setval('public.django_celery_results_taskresult_id_seq', 21, true);


--
-- Name: django_content_type_id_seq; Type: SEQUENCE SET; Schema: public; Owner: lora
--

SELECT pg_catalog.setval('public.django_content_type_id_seq', 21, true);


--
-- Name: django_migrations_id_seq; Type: SEQUENCE SET; Schema: public; Owner: lora
--

SELECT pg_catalog.setval('public.django_migrations_id_seq', 54, true);


--
-- Name: users_customuser_groups_id_seq; Type: SEQUENCE SET; Schema: public; Owner: lora
--

SELECT pg_catalog.setval('public.users_customuser_groups_id_seq', 4, true);


--
-- Name: users_customuser_id_seq; Type: SEQUENCE SET; Schema: public; Owner: lora
--

SELECT pg_catalog.setval('public.users_customuser_id_seq', 3, true);


--
-- Name: users_customuser_user_permissions_id_seq; Type: SEQUENCE SET; Schema: public; Owner: lora
--

SELECT pg_catalog.setval('public.users_customuser_user_permissions_id_seq', 1, false);


--
-- Name: users_newslettersubscription_id_seq; Type: SEQUENCE SET; Schema: public; Owner: lora
--

SELECT pg_catalog.setval('public.users_newslettersubscription_id_seq', 8, true);


--
-- Name: users_notification_id_seq; Type: SEQUENCE SET; Schema: public; Owner: lora
--

SELECT pg_catalog.setval('public.users_notification_id_seq', 12, true);


--
-- Name: Main_country Main_country_pkey; Type: CONSTRAINT; Schema: public; Owner: lora
--

ALTER TABLE ONLY public."Main_country"
    ADD CONSTRAINT "Main_country_pkey" PRIMARY KEY (id);


--
-- Name: Main_genre Main_genre_pkey; Type: CONSTRAINT; Schema: public; Owner: lora
--

ALTER TABLE ONLY public."Main_genre"
    ADD CONSTRAINT "Main_genre_pkey" PRIMARY KEY (id);


--
-- Name: Main_movie_country Main_movie_country_movie_id_country_id_e33ab084_uniq; Type: CONSTRAINT; Schema: public; Owner: lora
--

ALTER TABLE ONLY public."Main_movie_country"
    ADD CONSTRAINT "Main_movie_country_movie_id_country_id_e33ab084_uniq" UNIQUE (movie_id, country_id);


--
-- Name: Main_movie_country Main_movie_country_pkey; Type: CONSTRAINT; Schema: public; Owner: lora
--

ALTER TABLE ONLY public."Main_movie_country"
    ADD CONSTRAINT "Main_movie_country_pkey" PRIMARY KEY (id);


--
-- Name: Main_movie_genres Main_movie_genres_movie_id_genre_id_d4708753_uniq; Type: CONSTRAINT; Schema: public; Owner: lora
--

ALTER TABLE ONLY public."Main_movie_genres"
    ADD CONSTRAINT "Main_movie_genres_movie_id_genre_id_d4708753_uniq" UNIQUE (movie_id, genre_id);


--
-- Name: Main_movie_genres Main_movie_genres_pkey; Type: CONSTRAINT; Schema: public; Owner: lora
--

ALTER TABLE ONLY public."Main_movie_genres"
    ADD CONSTRAINT "Main_movie_genres_pkey" PRIMARY KEY (id);


--
-- Name: Main_movie Main_movie_pkey; Type: CONSTRAINT; Schema: public; Owner: lora
--

ALTER TABLE ONLY public."Main_movie"
    ADD CONSTRAINT "Main_movie_pkey" PRIMARY KEY (id);


--
-- Name: Main_movieimage Main_movieimage_pkey; Type: CONSTRAINT; Schema: public; Owner: lora
--

ALTER TABLE ONLY public."Main_movieimage"
    ADD CONSTRAINT "Main_movieimage_pkey" PRIMARY KEY (id);


--
-- Name: Main_payment Main_payment_pkey; Type: CONSTRAINT; Schema: public; Owner: lora
--

ALTER TABLE ONLY public."Main_payment"
    ADD CONSTRAINT "Main_payment_pkey" PRIMARY KEY (id);


--
-- Name: Main_review Main_review_pkey; Type: CONSTRAINT; Schema: public; Owner: lora
--

ALTER TABLE ONLY public."Main_review"
    ADD CONSTRAINT "Main_review_pkey" PRIMARY KEY (id);


--
-- Name: Main_serial_country Main_serial_country_pkey; Type: CONSTRAINT; Schema: public; Owner: lora
--

ALTER TABLE ONLY public."Main_serial_country"
    ADD CONSTRAINT "Main_serial_country_pkey" PRIMARY KEY (id);


--
-- Name: Main_serial_country Main_serial_country_serial_id_country_id_9620f042_uniq; Type: CONSTRAINT; Schema: public; Owner: lora
--

ALTER TABLE ONLY public."Main_serial_country"
    ADD CONSTRAINT "Main_serial_country_serial_id_country_id_9620f042_uniq" UNIQUE (serial_id, country_id);


--
-- Name: Main_serial_genres Main_serial_genres_pkey; Type: CONSTRAINT; Schema: public; Owner: lora
--

ALTER TABLE ONLY public."Main_serial_genres"
    ADD CONSTRAINT "Main_serial_genres_pkey" PRIMARY KEY (id);


--
-- Name: Main_serial_genres Main_serial_genres_serial_id_genre_id_4c187edd_uniq; Type: CONSTRAINT; Schema: public; Owner: lora
--

ALTER TABLE ONLY public."Main_serial_genres"
    ADD CONSTRAINT "Main_serial_genres_serial_id_genre_id_4c187edd_uniq" UNIQUE (serial_id, genre_id);


--
-- Name: Main_serial Main_serial_pkey; Type: CONSTRAINT; Schema: public; Owner: lora
--

ALTER TABLE ONLY public."Main_serial"
    ADD CONSTRAINT "Main_serial_pkey" PRIMARY KEY (id);


--
-- Name: Main_serialimage Main_serialimage_pkey; Type: CONSTRAINT; Schema: public; Owner: lora
--

ALTER TABLE ONLY public."Main_serialimage"
    ADD CONSTRAINT "Main_serialimage_pkey" PRIMARY KEY (id);


--
-- Name: Main_subscription Main_subscription_pkey; Type: CONSTRAINT; Schema: public; Owner: lora
--

ALTER TABLE ONLY public."Main_subscription"
    ADD CONSTRAINT "Main_subscription_pkey" PRIMARY KEY (id);


--
-- Name: Main_usersubscription Main_usersubscription_pkey; Type: CONSTRAINT; Schema: public; Owner: lora
--

ALTER TABLE ONLY public."Main_usersubscription"
    ADD CONSTRAINT "Main_usersubscription_pkey" PRIMARY KEY (id);


--
-- Name: auth_group auth_group_name_key; Type: CONSTRAINT; Schema: public; Owner: lora
--

ALTER TABLE ONLY public.auth_group
    ADD CONSTRAINT auth_group_name_key UNIQUE (name);


--
-- Name: auth_group_permissions auth_group_permissions_group_id_permission_id_0cd325b0_uniq; Type: CONSTRAINT; Schema: public; Owner: lora
--

ALTER TABLE ONLY public.auth_group_permissions
    ADD CONSTRAINT auth_group_permissions_group_id_permission_id_0cd325b0_uniq UNIQUE (group_id, permission_id);


--
-- Name: auth_group_permissions auth_group_permissions_pkey; Type: CONSTRAINT; Schema: public; Owner: lora
--

ALTER TABLE ONLY public.auth_group_permissions
    ADD CONSTRAINT auth_group_permissions_pkey PRIMARY KEY (id);


--
-- Name: auth_group auth_group_pkey; Type: CONSTRAINT; Schema: public; Owner: lora
--

ALTER TABLE ONLY public.auth_group
    ADD CONSTRAINT auth_group_pkey PRIMARY KEY (id);


--
-- Name: auth_permission auth_permission_content_type_id_codename_01ab375a_uniq; Type: CONSTRAINT; Schema: public; Owner: lora
--

ALTER TABLE ONLY public.auth_permission
    ADD CONSTRAINT auth_permission_content_type_id_codename_01ab375a_uniq UNIQUE (content_type_id, codename);


--
-- Name: auth_permission auth_permission_pkey; Type: CONSTRAINT; Schema: public; Owner: lora
--

ALTER TABLE ONLY public.auth_permission
    ADD CONSTRAINT auth_permission_pkey PRIMARY KEY (id);


--
-- Name: django_admin_log django_admin_log_pkey; Type: CONSTRAINT; Schema: public; Owner: lora
--

ALTER TABLE ONLY public.django_admin_log
    ADD CONSTRAINT django_admin_log_pkey PRIMARY KEY (id);


--
-- Name: django_celery_results_chordcounter django_celery_results_chordcounter_group_id_key; Type: CONSTRAINT; Schema: public; Owner: lora
--

ALTER TABLE ONLY public.django_celery_results_chordcounter
    ADD CONSTRAINT django_celery_results_chordcounter_group_id_key UNIQUE (group_id);


--
-- Name: django_celery_results_chordcounter django_celery_results_chordcounter_pkey; Type: CONSTRAINT; Schema: public; Owner: lora
--

ALTER TABLE ONLY public.django_celery_results_chordcounter
    ADD CONSTRAINT django_celery_results_chordcounter_pkey PRIMARY KEY (id);


--
-- Name: django_celery_results_groupresult django_celery_results_groupresult_group_id_key; Type: CONSTRAINT; Schema: public; Owner: lora
--

ALTER TABLE ONLY public.django_celery_results_groupresult
    ADD CONSTRAINT django_celery_results_groupresult_group_id_key UNIQUE (group_id);


--
-- Name: django_celery_results_groupresult django_celery_results_groupresult_pkey; Type: CONSTRAINT; Schema: public; Owner: lora
--

ALTER TABLE ONLY public.django_celery_results_groupresult
    ADD CONSTRAINT django_celery_results_groupresult_pkey PRIMARY KEY (id);


--
-- Name: django_celery_results_taskresult django_celery_results_taskresult_pkey; Type: CONSTRAINT; Schema: public; Owner: lora
--

ALTER TABLE ONLY public.django_celery_results_taskresult
    ADD CONSTRAINT django_celery_results_taskresult_pkey PRIMARY KEY (id);


--
-- Name: django_celery_results_taskresult django_celery_results_taskresult_task_id_key; Type: CONSTRAINT; Schema: public; Owner: lora
--

ALTER TABLE ONLY public.django_celery_results_taskresult
    ADD CONSTRAINT django_celery_results_taskresult_task_id_key UNIQUE (task_id);


--
-- Name: django_content_type django_content_type_app_label_model_76bd3d3b_uniq; Type: CONSTRAINT; Schema: public; Owner: lora
--

ALTER TABLE ONLY public.django_content_type
    ADD CONSTRAINT django_content_type_app_label_model_76bd3d3b_uniq UNIQUE (app_label, model);


--
-- Name: django_content_type django_content_type_pkey; Type: CONSTRAINT; Schema: public; Owner: lora
--

ALTER TABLE ONLY public.django_content_type
    ADD CONSTRAINT django_content_type_pkey PRIMARY KEY (id);


--
-- Name: django_migrations django_migrations_pkey; Type: CONSTRAINT; Schema: public; Owner: lora
--

ALTER TABLE ONLY public.django_migrations
    ADD CONSTRAINT django_migrations_pkey PRIMARY KEY (id);


--
-- Name: django_session django_session_pkey; Type: CONSTRAINT; Schema: public; Owner: lora
--

ALTER TABLE ONLY public.django_session
    ADD CONSTRAINT django_session_pkey PRIMARY KEY (session_key);


--
-- Name: users_customuser_groups users_customuser_groups_customuser_id_group_id_76b619e3_uniq; Type: CONSTRAINT; Schema: public; Owner: lora
--

ALTER TABLE ONLY public.users_customuser_groups
    ADD CONSTRAINT users_customuser_groups_customuser_id_group_id_76b619e3_uniq UNIQUE (customuser_id, group_id);


--
-- Name: users_customuser_groups users_customuser_groups_pkey; Type: CONSTRAINT; Schema: public; Owner: lora
--

ALTER TABLE ONLY public.users_customuser_groups
    ADD CONSTRAINT users_customuser_groups_pkey PRIMARY KEY (id);


--
-- Name: users_customuser users_customuser_pkey; Type: CONSTRAINT; Schema: public; Owner: lora
--

ALTER TABLE ONLY public.users_customuser
    ADD CONSTRAINT users_customuser_pkey PRIMARY KEY (id);


--
-- Name: users_customuser_user_permissions users_customuser_user_pe_customuser_id_permission_7a7debf6_uniq; Type: CONSTRAINT; Schema: public; Owner: lora
--

ALTER TABLE ONLY public.users_customuser_user_permissions
    ADD CONSTRAINT users_customuser_user_pe_customuser_id_permission_7a7debf6_uniq UNIQUE (customuser_id, permission_id);


--
-- Name: users_customuser_user_permissions users_customuser_user_permissions_pkey; Type: CONSTRAINT; Schema: public; Owner: lora
--

ALTER TABLE ONLY public.users_customuser_user_permissions
    ADD CONSTRAINT users_customuser_user_permissions_pkey PRIMARY KEY (id);


--
-- Name: users_customuser users_customuser_username_key; Type: CONSTRAINT; Schema: public; Owner: lora
--

ALTER TABLE ONLY public.users_customuser
    ADD CONSTRAINT users_customuser_username_key UNIQUE (username);


--
-- Name: users_newslettersubscription users_newslettersubscription_email_key; Type: CONSTRAINT; Schema: public; Owner: lora
--

ALTER TABLE ONLY public.users_newslettersubscription
    ADD CONSTRAINT users_newslettersubscription_email_key UNIQUE (email);


--
-- Name: users_newslettersubscription users_newslettersubscription_pkey; Type: CONSTRAINT; Schema: public; Owner: lora
--

ALTER TABLE ONLY public.users_newslettersubscription
    ADD CONSTRAINT users_newslettersubscription_pkey PRIMARY KEY (id);


--
-- Name: users_notification users_notification_pkey; Type: CONSTRAINT; Schema: public; Owner: lora
--

ALTER TABLE ONLY public.users_notification
    ADD CONSTRAINT users_notification_pkey PRIMARY KEY (id);


--
-- Name: Main_movie_country_country_id_91d667f3; Type: INDEX; Schema: public; Owner: lora
--

CREATE INDEX "Main_movie_country_country_id_91d667f3" ON public."Main_movie_country" USING btree (country_id);


--
-- Name: Main_movie_country_movie_id_99e35dd1; Type: INDEX; Schema: public; Owner: lora
--

CREATE INDEX "Main_movie_country_movie_id_99e35dd1" ON public."Main_movie_country" USING btree (movie_id);


--
-- Name: Main_movie_genres_genre_id_2f3d67e9; Type: INDEX; Schema: public; Owner: lora
--

CREATE INDEX "Main_movie_genres_genre_id_2f3d67e9" ON public."Main_movie_genres" USING btree (genre_id);


--
-- Name: Main_movie_genres_movie_id_f2303403; Type: INDEX; Schema: public; Owner: lora
--

CREATE INDEX "Main_movie_genres_movie_id_f2303403" ON public."Main_movie_genres" USING btree (movie_id);


--
-- Name: Main_movieimage_movie_id_267c26b2; Type: INDEX; Schema: public; Owner: lora
--

CREATE INDEX "Main_movieimage_movie_id_267c26b2" ON public."Main_movieimage" USING btree (movie_id);


--
-- Name: Main_payment_subscription_id_42306b12; Type: INDEX; Schema: public; Owner: lora
--

CREATE INDEX "Main_payment_subscription_id_42306b12" ON public."Main_payment" USING btree (subscription_id);


--
-- Name: Main_payment_user_id_86db4dcc; Type: INDEX; Schema: public; Owner: lora
--

CREATE INDEX "Main_payment_user_id_86db4dcc" ON public."Main_payment" USING btree (user_id);


--
-- Name: Main_review_movie_id_f636d381; Type: INDEX; Schema: public; Owner: lora
--

CREATE INDEX "Main_review_movie_id_f636d381" ON public."Main_review" USING btree (movie_id);


--
-- Name: Main_review_serial_id_47036bd1; Type: INDEX; Schema: public; Owner: lora
--

CREATE INDEX "Main_review_serial_id_47036bd1" ON public."Main_review" USING btree (serial_id);


--
-- Name: Main_review_user_id_8439f433; Type: INDEX; Schema: public; Owner: lora
--

CREATE INDEX "Main_review_user_id_8439f433" ON public."Main_review" USING btree (user_id);


--
-- Name: Main_serial_country_country_id_bb7a8208; Type: INDEX; Schema: public; Owner: lora
--

CREATE INDEX "Main_serial_country_country_id_bb7a8208" ON public."Main_serial_country" USING btree (country_id);


--
-- Name: Main_serial_country_serial_id_a97db951; Type: INDEX; Schema: public; Owner: lora
--

CREATE INDEX "Main_serial_country_serial_id_a97db951" ON public."Main_serial_country" USING btree (serial_id);


--
-- Name: Main_serial_genres_genre_id_33012462; Type: INDEX; Schema: public; Owner: lora
--

CREATE INDEX "Main_serial_genres_genre_id_33012462" ON public."Main_serial_genres" USING btree (genre_id);


--
-- Name: Main_serial_genres_serial_id_a2d6d090; Type: INDEX; Schema: public; Owner: lora
--

CREATE INDEX "Main_serial_genres_serial_id_a2d6d090" ON public."Main_serial_genres" USING btree (serial_id);


--
-- Name: Main_serialimage_serial_id_6136ff75; Type: INDEX; Schema: public; Owner: lora
--

CREATE INDEX "Main_serialimage_serial_id_6136ff75" ON public."Main_serialimage" USING btree (serial_id);


--
-- Name: Main_usersubscription_subscription_id_b722a8f5; Type: INDEX; Schema: public; Owner: lora
--

CREATE INDEX "Main_usersubscription_subscription_id_b722a8f5" ON public."Main_usersubscription" USING btree (subscription_id);


--
-- Name: Main_usersubscription_user_id_3f667a8f; Type: INDEX; Schema: public; Owner: lora
--

CREATE INDEX "Main_usersubscription_user_id_3f667a8f" ON public."Main_usersubscription" USING btree (user_id);


--
-- Name: auth_group_name_a6ea08ec_like; Type: INDEX; Schema: public; Owner: lora
--

CREATE INDEX auth_group_name_a6ea08ec_like ON public.auth_group USING btree (name varchar_pattern_ops);


--
-- Name: auth_group_permissions_group_id_b120cbf9; Type: INDEX; Schema: public; Owner: lora
--

CREATE INDEX auth_group_permissions_group_id_b120cbf9 ON public.auth_group_permissions USING btree (group_id);


--
-- Name: auth_group_permissions_permission_id_84c5c92e; Type: INDEX; Schema: public; Owner: lora
--

CREATE INDEX auth_group_permissions_permission_id_84c5c92e ON public.auth_group_permissions USING btree (permission_id);


--
-- Name: auth_permission_content_type_id_2f476e4b; Type: INDEX; Schema: public; Owner: lora
--

CREATE INDEX auth_permission_content_type_id_2f476e4b ON public.auth_permission USING btree (content_type_id);


--
-- Name: django_admin_log_content_type_id_c4bce8eb; Type: INDEX; Schema: public; Owner: lora
--

CREATE INDEX django_admin_log_content_type_id_c4bce8eb ON public.django_admin_log USING btree (content_type_id);


--
-- Name: django_admin_log_user_id_c564eba6; Type: INDEX; Schema: public; Owner: lora
--

CREATE INDEX django_admin_log_user_id_c564eba6 ON public.django_admin_log USING btree (user_id);


--
-- Name: django_cele_date_cr_bd6c1d_idx; Type: INDEX; Schema: public; Owner: lora
--

CREATE INDEX django_cele_date_cr_bd6c1d_idx ON public.django_celery_results_groupresult USING btree (date_created);


--
-- Name: django_cele_date_cr_f04a50_idx; Type: INDEX; Schema: public; Owner: lora
--

CREATE INDEX django_cele_date_cr_f04a50_idx ON public.django_celery_results_taskresult USING btree (date_created);


--
-- Name: django_cele_date_do_caae0e_idx; Type: INDEX; Schema: public; Owner: lora
--

CREATE INDEX django_cele_date_do_caae0e_idx ON public.django_celery_results_groupresult USING btree (date_done);


--
-- Name: django_cele_date_do_f59aad_idx; Type: INDEX; Schema: public; Owner: lora
--

CREATE INDEX django_cele_date_do_f59aad_idx ON public.django_celery_results_taskresult USING btree (date_done);


--
-- Name: django_cele_status_9b6201_idx; Type: INDEX; Schema: public; Owner: lora
--

CREATE INDEX django_cele_status_9b6201_idx ON public.django_celery_results_taskresult USING btree (status);


--
-- Name: django_cele_task_na_08aec9_idx; Type: INDEX; Schema: public; Owner: lora
--

CREATE INDEX django_cele_task_na_08aec9_idx ON public.django_celery_results_taskresult USING btree (task_name);


--
-- Name: django_cele_worker_d54dd8_idx; Type: INDEX; Schema: public; Owner: lora
--

CREATE INDEX django_cele_worker_d54dd8_idx ON public.django_celery_results_taskresult USING btree (worker);


--
-- Name: django_celery_results_chordcounter_group_id_1f70858c_like; Type: INDEX; Schema: public; Owner: lora
--

CREATE INDEX django_celery_results_chordcounter_group_id_1f70858c_like ON public.django_celery_results_chordcounter USING btree (group_id varchar_pattern_ops);


--
-- Name: django_celery_results_groupresult_group_id_a085f1a9_like; Type: INDEX; Schema: public; Owner: lora
--

CREATE INDEX django_celery_results_groupresult_group_id_a085f1a9_like ON public.django_celery_results_groupresult USING btree (group_id varchar_pattern_ops);


--
-- Name: django_celery_results_taskresult_task_id_de0d95bf_like; Type: INDEX; Schema: public; Owner: lora
--

CREATE INDEX django_celery_results_taskresult_task_id_de0d95bf_like ON public.django_celery_results_taskresult USING btree (task_id varchar_pattern_ops);


--
-- Name: django_session_expire_date_a5c62663; Type: INDEX; Schema: public; Owner: lora
--

CREATE INDEX django_session_expire_date_a5c62663 ON public.django_session USING btree (expire_date);


--
-- Name: django_session_session_key_c0390e0f_like; Type: INDEX; Schema: public; Owner: lora
--

CREATE INDEX django_session_session_key_c0390e0f_like ON public.django_session USING btree (session_key varchar_pattern_ops);


--
-- Name: users_customuser_groups_customuser_id_958147bf; Type: INDEX; Schema: public; Owner: lora
--

CREATE INDEX users_customuser_groups_customuser_id_958147bf ON public.users_customuser_groups USING btree (customuser_id);


--
-- Name: users_customuser_groups_group_id_01390b14; Type: INDEX; Schema: public; Owner: lora
--

CREATE INDEX users_customuser_groups_group_id_01390b14 ON public.users_customuser_groups USING btree (group_id);


--
-- Name: users_customuser_user_permissions_customuser_id_5771478b; Type: INDEX; Schema: public; Owner: lora
--

CREATE INDEX users_customuser_user_permissions_customuser_id_5771478b ON public.users_customuser_user_permissions USING btree (customuser_id);


--
-- Name: users_customuser_user_permissions_permission_id_baaa2f74; Type: INDEX; Schema: public; Owner: lora
--

CREATE INDEX users_customuser_user_permissions_permission_id_baaa2f74 ON public.users_customuser_user_permissions USING btree (permission_id);


--
-- Name: users_customuser_username_80452fdf_like; Type: INDEX; Schema: public; Owner: lora
--

CREATE INDEX users_customuser_username_80452fdf_like ON public.users_customuser USING btree (username varchar_pattern_ops);


--
-- Name: users_newslettersubscription_email_849faa3b_like; Type: INDEX; Schema: public; Owner: lora
--

CREATE INDEX users_newslettersubscription_email_849faa3b_like ON public.users_newslettersubscription USING btree (email varchar_pattern_ops);


--
-- Name: users_notification_user_id_fed360c8; Type: INDEX; Schema: public; Owner: lora
--

CREATE INDEX users_notification_user_id_fed360c8 ON public.users_notification USING btree (user_id);


--
-- Name: Main_movie_country Main_movie_country_country_id_91d667f3_fk_Main_country_id; Type: FK CONSTRAINT; Schema: public; Owner: lora
--

ALTER TABLE ONLY public."Main_movie_country"
    ADD CONSTRAINT "Main_movie_country_country_id_91d667f3_fk_Main_country_id" FOREIGN KEY (country_id) REFERENCES public."Main_country"(id) DEFERRABLE INITIALLY DEFERRED;


--
-- Name: Main_movie_country Main_movie_country_movie_id_99e35dd1_fk_Main_movie_id; Type: FK CONSTRAINT; Schema: public; Owner: lora
--

ALTER TABLE ONLY public."Main_movie_country"
    ADD CONSTRAINT "Main_movie_country_movie_id_99e35dd1_fk_Main_movie_id" FOREIGN KEY (movie_id) REFERENCES public."Main_movie"(id) DEFERRABLE INITIALLY DEFERRED;


--
-- Name: Main_movie_genres Main_movie_genres_genre_id_2f3d67e9_fk_Main_genre_id; Type: FK CONSTRAINT; Schema: public; Owner: lora
--

ALTER TABLE ONLY public."Main_movie_genres"
    ADD CONSTRAINT "Main_movie_genres_genre_id_2f3d67e9_fk_Main_genre_id" FOREIGN KEY (genre_id) REFERENCES public."Main_genre"(id) DEFERRABLE INITIALLY DEFERRED;


--
-- Name: Main_movie_genres Main_movie_genres_movie_id_f2303403_fk_Main_movie_id; Type: FK CONSTRAINT; Schema: public; Owner: lora
--

ALTER TABLE ONLY public."Main_movie_genres"
    ADD CONSTRAINT "Main_movie_genres_movie_id_f2303403_fk_Main_movie_id" FOREIGN KEY (movie_id) REFERENCES public."Main_movie"(id) DEFERRABLE INITIALLY DEFERRED;


--
-- Name: Main_movieimage Main_movieimage_movie_id_267c26b2_fk_Main_movie_id; Type: FK CONSTRAINT; Schema: public; Owner: lora
--

ALTER TABLE ONLY public."Main_movieimage"
    ADD CONSTRAINT "Main_movieimage_movie_id_267c26b2_fk_Main_movie_id" FOREIGN KEY (movie_id) REFERENCES public."Main_movie"(id) DEFERRABLE INITIALLY DEFERRED;


--
-- Name: Main_payment Main_payment_subscription_id_42306b12_fk_Main_subscription_id; Type: FK CONSTRAINT; Schema: public; Owner: lora
--

ALTER TABLE ONLY public."Main_payment"
    ADD CONSTRAINT "Main_payment_subscription_id_42306b12_fk_Main_subscription_id" FOREIGN KEY (subscription_id) REFERENCES public."Main_subscription"(id) DEFERRABLE INITIALLY DEFERRED;


--
-- Name: Main_payment Main_payment_user_id_86db4dcc_fk_users_customuser_id; Type: FK CONSTRAINT; Schema: public; Owner: lora
--

ALTER TABLE ONLY public."Main_payment"
    ADD CONSTRAINT "Main_payment_user_id_86db4dcc_fk_users_customuser_id" FOREIGN KEY (user_id) REFERENCES public.users_customuser(id) DEFERRABLE INITIALLY DEFERRED;


--
-- Name: Main_review Main_review_movie_id_f636d381_fk_Main_movie_id; Type: FK CONSTRAINT; Schema: public; Owner: lora
--

ALTER TABLE ONLY public."Main_review"
    ADD CONSTRAINT "Main_review_movie_id_f636d381_fk_Main_movie_id" FOREIGN KEY (movie_id) REFERENCES public."Main_movie"(id) DEFERRABLE INITIALLY DEFERRED;


--
-- Name: Main_review Main_review_serial_id_47036bd1_fk_Main_serial_id; Type: FK CONSTRAINT; Schema: public; Owner: lora
--

ALTER TABLE ONLY public."Main_review"
    ADD CONSTRAINT "Main_review_serial_id_47036bd1_fk_Main_serial_id" FOREIGN KEY (serial_id) REFERENCES public."Main_serial"(id) DEFERRABLE INITIALLY DEFERRED;


--
-- Name: Main_review Main_review_user_id_8439f433_fk_users_customuser_id; Type: FK CONSTRAINT; Schema: public; Owner: lora
--

ALTER TABLE ONLY public."Main_review"
    ADD CONSTRAINT "Main_review_user_id_8439f433_fk_users_customuser_id" FOREIGN KEY (user_id) REFERENCES public.users_customuser(id) DEFERRABLE INITIALLY DEFERRED;


--
-- Name: Main_serial_country Main_serial_country_country_id_bb7a8208_fk_Main_country_id; Type: FK CONSTRAINT; Schema: public; Owner: lora
--

ALTER TABLE ONLY public."Main_serial_country"
    ADD CONSTRAINT "Main_serial_country_country_id_bb7a8208_fk_Main_country_id" FOREIGN KEY (country_id) REFERENCES public."Main_country"(id) DEFERRABLE INITIALLY DEFERRED;


--
-- Name: Main_serial_country Main_serial_country_serial_id_a97db951_fk_Main_serial_id; Type: FK CONSTRAINT; Schema: public; Owner: lora
--

ALTER TABLE ONLY public."Main_serial_country"
    ADD CONSTRAINT "Main_serial_country_serial_id_a97db951_fk_Main_serial_id" FOREIGN KEY (serial_id) REFERENCES public."Main_serial"(id) DEFERRABLE INITIALLY DEFERRED;


--
-- Name: Main_serial_genres Main_serial_genres_genre_id_33012462_fk_Main_genre_id; Type: FK CONSTRAINT; Schema: public; Owner: lora
--

ALTER TABLE ONLY public."Main_serial_genres"
    ADD CONSTRAINT "Main_serial_genres_genre_id_33012462_fk_Main_genre_id" FOREIGN KEY (genre_id) REFERENCES public."Main_genre"(id) DEFERRABLE INITIALLY DEFERRED;


--
-- Name: Main_serial_genres Main_serial_genres_serial_id_a2d6d090_fk_Main_serial_id; Type: FK CONSTRAINT; Schema: public; Owner: lora
--

ALTER TABLE ONLY public."Main_serial_genres"
    ADD CONSTRAINT "Main_serial_genres_serial_id_a2d6d090_fk_Main_serial_id" FOREIGN KEY (serial_id) REFERENCES public."Main_serial"(id) DEFERRABLE INITIALLY DEFERRED;


--
-- Name: Main_serialimage Main_serialimage_serial_id_6136ff75_fk_Main_serial_id; Type: FK CONSTRAINT; Schema: public; Owner: lora
--

ALTER TABLE ONLY public."Main_serialimage"
    ADD CONSTRAINT "Main_serialimage_serial_id_6136ff75_fk_Main_serial_id" FOREIGN KEY (serial_id) REFERENCES public."Main_serial"(id) DEFERRABLE INITIALLY DEFERRED;


--
-- Name: Main_usersubscription Main_usersubscriptio_subscription_id_b722a8f5_fk_Main_subs; Type: FK CONSTRAINT; Schema: public; Owner: lora
--

ALTER TABLE ONLY public."Main_usersubscription"
    ADD CONSTRAINT "Main_usersubscriptio_subscription_id_b722a8f5_fk_Main_subs" FOREIGN KEY (subscription_id) REFERENCES public."Main_subscription"(id) DEFERRABLE INITIALLY DEFERRED;


--
-- Name: Main_usersubscription Main_usersubscription_user_id_3f667a8f_fk_users_customuser_id; Type: FK CONSTRAINT; Schema: public; Owner: lora
--

ALTER TABLE ONLY public."Main_usersubscription"
    ADD CONSTRAINT "Main_usersubscription_user_id_3f667a8f_fk_users_customuser_id" FOREIGN KEY (user_id) REFERENCES public.users_customuser(id) DEFERRABLE INITIALLY DEFERRED;


--
-- Name: auth_group_permissions auth_group_permissio_permission_id_84c5c92e_fk_auth_perm; Type: FK CONSTRAINT; Schema: public; Owner: lora
--

ALTER TABLE ONLY public.auth_group_permissions
    ADD CONSTRAINT auth_group_permissio_permission_id_84c5c92e_fk_auth_perm FOREIGN KEY (permission_id) REFERENCES public.auth_permission(id) DEFERRABLE INITIALLY DEFERRED;


--
-- Name: auth_group_permissions auth_group_permissions_group_id_b120cbf9_fk_auth_group_id; Type: FK CONSTRAINT; Schema: public; Owner: lora
--

ALTER TABLE ONLY public.auth_group_permissions
    ADD CONSTRAINT auth_group_permissions_group_id_b120cbf9_fk_auth_group_id FOREIGN KEY (group_id) REFERENCES public.auth_group(id) DEFERRABLE INITIALLY DEFERRED;


--
-- Name: auth_permission auth_permission_content_type_id_2f476e4b_fk_django_co; Type: FK CONSTRAINT; Schema: public; Owner: lora
--

ALTER TABLE ONLY public.auth_permission
    ADD CONSTRAINT auth_permission_content_type_id_2f476e4b_fk_django_co FOREIGN KEY (content_type_id) REFERENCES public.django_content_type(id) DEFERRABLE INITIALLY DEFERRED;


--
-- Name: django_admin_log django_admin_log_content_type_id_c4bce8eb_fk_django_co; Type: FK CONSTRAINT; Schema: public; Owner: lora
--

ALTER TABLE ONLY public.django_admin_log
    ADD CONSTRAINT django_admin_log_content_type_id_c4bce8eb_fk_django_co FOREIGN KEY (content_type_id) REFERENCES public.django_content_type(id) DEFERRABLE INITIALLY DEFERRED;


--
-- Name: django_admin_log django_admin_log_user_id_c564eba6_fk_users_customuser_id; Type: FK CONSTRAINT; Schema: public; Owner: lora
--

ALTER TABLE ONLY public.django_admin_log
    ADD CONSTRAINT django_admin_log_user_id_c564eba6_fk_users_customuser_id FOREIGN KEY (user_id) REFERENCES public.users_customuser(id) DEFERRABLE INITIALLY DEFERRED;


--
-- Name: users_customuser_groups users_customuser_gro_customuser_id_958147bf_fk_users_cus; Type: FK CONSTRAINT; Schema: public; Owner: lora
--

ALTER TABLE ONLY public.users_customuser_groups
    ADD CONSTRAINT users_customuser_gro_customuser_id_958147bf_fk_users_cus FOREIGN KEY (customuser_id) REFERENCES public.users_customuser(id) DEFERRABLE INITIALLY DEFERRED;


--
-- Name: users_customuser_groups users_customuser_groups_group_id_01390b14_fk_auth_group_id; Type: FK CONSTRAINT; Schema: public; Owner: lora
--

ALTER TABLE ONLY public.users_customuser_groups
    ADD CONSTRAINT users_customuser_groups_group_id_01390b14_fk_auth_group_id FOREIGN KEY (group_id) REFERENCES public.auth_group(id) DEFERRABLE INITIALLY DEFERRED;


--
-- Name: users_customuser_user_permissions users_customuser_use_customuser_id_5771478b_fk_users_cus; Type: FK CONSTRAINT; Schema: public; Owner: lora
--

ALTER TABLE ONLY public.users_customuser_user_permissions
    ADD CONSTRAINT users_customuser_use_customuser_id_5771478b_fk_users_cus FOREIGN KEY (customuser_id) REFERENCES public.users_customuser(id) DEFERRABLE INITIALLY DEFERRED;


--
-- Name: users_customuser_user_permissions users_customuser_use_permission_id_baaa2f74_fk_auth_perm; Type: FK CONSTRAINT; Schema: public; Owner: lora
--

ALTER TABLE ONLY public.users_customuser_user_permissions
    ADD CONSTRAINT users_customuser_use_permission_id_baaa2f74_fk_auth_perm FOREIGN KEY (permission_id) REFERENCES public.auth_permission(id) DEFERRABLE INITIALLY DEFERRED;


--
-- Name: users_notification users_notification_user_id_fed360c8_fk_users_customuser_id; Type: FK CONSTRAINT; Schema: public; Owner: lora
--

ALTER TABLE ONLY public.users_notification
    ADD CONSTRAINT users_notification_user_id_fed360c8_fk_users_customuser_id FOREIGN KEY (user_id) REFERENCES public.users_customuser(id) DEFERRABLE INITIALLY DEFERRED;


--
-- PostgreSQL database dump complete
--

