--
-- PostgreSQL database dump
--

-- Dumped from database version 17.2
-- Dumped by pg_dump version 17.2

SET statement_timeout = 0;
SET lock_timeout = 0;
SET idle_in_transaction_session_timeout = 0;
SET transaction_timeout = 0;
SET client_encoding = 'UTF8';
SET standard_conforming_strings = on;
SELECT pg_catalog.set_config('search_path', '', false);
SET check_function_bodies = false;
SET xmloption = content;
SET client_min_messages = warning;
SET row_security = off;

SET default_tablespace = '';

SET default_table_access_method = heap;

--
-- Name: Main_country; Type: TABLE; Schema: public; Owner: lora
--

CREATE TABLE public."Main_country" (
    id bigint NOT NULL,
    name character varying(100) NOT NULL
);


ALTER TABLE public."Main_country" OWNER TO lora;

--
-- Name: Main_country_id_seq; Type: SEQUENCE; Schema: public; Owner: lora
--

ALTER TABLE public."Main_country" ALTER COLUMN id ADD GENERATED BY DEFAULT AS IDENTITY (
    SEQUENCE NAME public."Main_country_id_seq"
    START WITH 1
    INCREMENT BY 1
    NO MINVALUE
    NO MAXVALUE
    CACHE 1
);


--
-- Name: Main_genre; Type: TABLE; Schema: public; Owner: lora
--

CREATE TABLE public."Main_genre" (
    id bigint NOT NULL,
    name character varying(100) NOT NULL
);


ALTER TABLE public."Main_genre" OWNER TO lora;

--
-- Name: Main_genre_id_seq; Type: SEQUENCE; Schema: public; Owner: lora
--

ALTER TABLE public."Main_genre" ALTER COLUMN id ADD GENERATED BY DEFAULT AS IDENTITY (
    SEQUENCE NAME public."Main_genre_id_seq"
    START WITH 1
    INCREMENT BY 1
    NO MINVALUE
    NO MAXVALUE
    CACHE 1
);


--
-- Name: Main_movie; Type: TABLE; Schema: public; Owner: lora
--

CREATE TABLE public."Main_movie" (
    id bigint NOT NULL,
    title character varying(200) NOT NULL,
    description text NOT NULL,
    release_year integer NOT NULL,
    created_at timestamp with time zone NOT NULL,
    poster character varying(100),
    CONSTRAINT "Main_movie_release_year_check" CHECK ((release_year >= 0))
);


ALTER TABLE public."Main_movie" OWNER TO lora;

--
-- Name: Main_movie_country; Type: TABLE; Schema: public; Owner: lora
--

CREATE TABLE public."Main_movie_country" (
    id bigint NOT NULL,
    movie_id bigint NOT NULL,
    country_id bigint NOT NULL
);


ALTER TABLE public."Main_movie_country" OWNER TO lora;

--
-- Name: Main_movie_country_id_seq; Type: SEQUENCE; Schema: public; Owner: lora
--

ALTER TABLE public."Main_movie_country" ALTER COLUMN id ADD GENERATED BY DEFAULT AS IDENTITY (
    SEQUENCE NAME public."Main_movie_country_id_seq"
    START WITH 1
    INCREMENT BY 1
    NO MINVALUE
    NO MAXVALUE
    CACHE 1
);


--
-- Name: Main_movie_genres; Type: TABLE; Schema: public; Owner: lora
--

CREATE TABLE public."Main_movie_genres" (
    id bigint NOT NULL,
    movie_id bigint NOT NULL,
    genre_id bigint NOT NULL
);


ALTER TABLE public."Main_movie_genres" OWNER TO lora;

--
-- Name: Main_movie_genres_id_seq; Type: SEQUENCE; Schema: public; Owner: lora
--

ALTER TABLE public."Main_movie_genres" ALTER COLUMN id ADD GENERATED BY DEFAULT AS IDENTITY (
    SEQUENCE NAME public."Main_movie_genres_id_seq"
    START WITH 1
    INCREMENT BY 1
    NO MINVALUE
    NO MAXVALUE
    CACHE 1
);


--
-- Name: Main_movie_id_seq; Type: SEQUENCE; Schema: public; Owner: lora
--

ALTER TABLE public."Main_movie" ALTER COLUMN id ADD GENERATED BY DEFAULT AS IDENTITY (
    SEQUENCE NAME public."Main_movie_id_seq"
    START WITH 1
    INCREMENT BY 1
    NO MINVALUE
    NO MAXVALUE
    CACHE 1
);


--
-- Name: Main_serial; Type: TABLE; Schema: public; Owner: lora
--

CREATE TABLE public."Main_serial" (
    id bigint NOT NULL,
    title character varying(200) NOT NULL,
    description text NOT NULL,
    release_year integer NOT NULL,
    episodes integer NOT NULL,
    created_at timestamp with time zone NOT NULL,
    poster character varying(100),
    CONSTRAINT "Main_serial_episodes_check" CHECK ((episodes >= 0)),
    CONSTRAINT "Main_serial_release_year_check" CHECK ((release_year >= 0))
);


ALTER TABLE public."Main_serial" OWNER TO lora;

--
-- Name: Main_serial_country; Type: TABLE; Schema: public; Owner: lora
--

CREATE TABLE public."Main_serial_country" (
    id bigint NOT NULL,
    serial_id bigint NOT NULL,
    country_id bigint NOT NULL
);


ALTER TABLE public."Main_serial_country" OWNER TO lora;

--
-- Name: Main_serial_country_id_seq; Type: SEQUENCE; Schema: public; Owner: lora
--

ALTER TABLE public."Main_serial_country" ALTER COLUMN id ADD GENERATED BY DEFAULT AS IDENTITY (
    SEQUENCE NAME public."Main_serial_country_id_seq"
    START WITH 1
    INCREMENT BY 1
    NO MINVALUE
    NO MAXVALUE
    CACHE 1
);


--
-- Name: Main_serial_genres; Type: TABLE; Schema: public; Owner: lora
--

CREATE TABLE public."Main_serial_genres" (
    id bigint NOT NULL,
    serial_id bigint NOT NULL,
    genre_id bigint NOT NULL
);


ALTER TABLE public."Main_serial_genres" OWNER TO lora;

--
-- Name: Main_serial_genres_id_seq; Type: SEQUENCE; Schema: public; Owner: lora
--

ALTER TABLE public."Main_serial_genres" ALTER COLUMN id ADD GENERATED BY DEFAULT AS IDENTITY (
    SEQUENCE NAME public."Main_serial_genres_id_seq"
    START WITH 1
    INCREMENT BY 1
    NO MINVALUE
    NO MAXVALUE
    CACHE 1
);


--
-- Name: Main_serial_id_seq; Type: SEQUENCE; Schema: public; Owner: lora
--

ALTER TABLE public."Main_serial" ALTER COLUMN id ADD GENERATED BY DEFAULT AS IDENTITY (
    SEQUENCE NAME public."Main_serial_id_seq"
    START WITH 1
    INCREMENT BY 1
    NO MINVALUE
    NO MAXVALUE
    CACHE 1
);


--
-- Name: auth_group; Type: TABLE; Schema: public; Owner: lora
--

CREATE TABLE public.auth_group (
    id integer NOT NULL,
    name character varying(150) NOT NULL
);


ALTER TABLE public.auth_group OWNER TO lora;

--
-- Name: auth_group_id_seq; Type: SEQUENCE; Schema: public; Owner: lora
--

ALTER TABLE public.auth_group ALTER COLUMN id ADD GENERATED BY DEFAULT AS IDENTITY (
    SEQUENCE NAME public.auth_group_id_seq
    START WITH 1
    INCREMENT BY 1
    NO MINVALUE
    NO MAXVALUE
    CACHE 1
);


--
-- Name: auth_group_permissions; Type: TABLE; Schema: public; Owner: lora
--

CREATE TABLE public.auth_group_permissions (
    id bigint NOT NULL,
    group_id integer NOT NULL,
    permission_id integer NOT NULL
);


ALTER TABLE public.auth_group_permissions OWNER TO lora;

--
-- Name: auth_group_permissions_id_seq; Type: SEQUENCE; Schema: public; Owner: lora
--

ALTER TABLE public.auth_group_permissions ALTER COLUMN id ADD GENERATED BY DEFAULT AS IDENTITY (
    SEQUENCE NAME public.auth_group_permissions_id_seq
    START WITH 1
    INCREMENT BY 1
    NO MINVALUE
    NO MAXVALUE
    CACHE 1
);


--
-- Name: auth_permission; Type: TABLE; Schema: public; Owner: lora
--

CREATE TABLE public.auth_permission (
    id integer NOT NULL,
    name character varying(255) NOT NULL,
    content_type_id integer NOT NULL,
    codename character varying(100) NOT NULL
);


ALTER TABLE public.auth_permission OWNER TO lora;

--
-- Name: auth_permission_id_seq; Type: SEQUENCE; Schema: public; Owner: lora
--

ALTER TABLE public.auth_permission ALTER COLUMN id ADD GENERATED BY DEFAULT AS IDENTITY (
    SEQUENCE NAME public.auth_permission_id_seq
    START WITH 1
    INCREMENT BY 1
    NO MINVALUE
    NO MAXVALUE
    CACHE 1
);


--
-- Name: auth_user; Type: TABLE; Schema: public; Owner: lora
--

CREATE TABLE public.auth_user (
    id integer NOT NULL,
    password character varying(128) NOT NULL,
    last_login timestamp with time zone,
    is_superuser boolean NOT NULL,
    username character varying(150) NOT NULL,
    first_name character varying(150) NOT NULL,
    last_name character varying(150) NOT NULL,
    email character varying(254) NOT NULL,
    is_staff boolean NOT NULL,
    is_active boolean NOT NULL,
    date_joined timestamp with time zone NOT NULL
);


ALTER TABLE public.auth_user OWNER TO lora;

--
-- Name: auth_user_groups; Type: TABLE; Schema: public; Owner: lora
--

CREATE TABLE public.auth_user_groups (
    id bigint NOT NULL,
    user_id integer NOT NULL,
    group_id integer NOT NULL
);


ALTER TABLE public.auth_user_groups OWNER TO lora;

--
-- Name: auth_user_groups_id_seq; Type: SEQUENCE; Schema: public; Owner: lora
--

ALTER TABLE public.auth_user_groups ALTER COLUMN id ADD GENERATED BY DEFAULT AS IDENTITY (
    SEQUENCE NAME public.auth_user_groups_id_seq
    START WITH 1
    INCREMENT BY 1
    NO MINVALUE
    NO MAXVALUE
    CACHE 1
);


--
-- Name: auth_user_id_seq; Type: SEQUENCE; Schema: public; Owner: lora
--

ALTER TABLE public.auth_user ALTER COLUMN id ADD GENERATED BY DEFAULT AS IDENTITY (
    SEQUENCE NAME public.auth_user_id_seq
    START WITH 1
    INCREMENT BY 1
    NO MINVALUE
    NO MAXVALUE
    CACHE 1
);


--
-- Name: auth_user_user_permissions; Type: TABLE; Schema: public; Owner: lora
--

CREATE TABLE public.auth_user_user_permissions (
    id bigint NOT NULL,
    user_id integer NOT NULL,
    permission_id integer NOT NULL
);


ALTER TABLE public.auth_user_user_permissions OWNER TO lora;

--
-- Name: auth_user_user_permissions_id_seq; Type: SEQUENCE; Schema: public; Owner: lora
--

ALTER TABLE public.auth_user_user_permissions ALTER COLUMN id ADD GENERATED BY DEFAULT AS IDENTITY (
    SEQUENCE NAME public.auth_user_user_permissions_id_seq
    START WITH 1
    INCREMENT BY 1
    NO MINVALUE
    NO MAXVALUE
    CACHE 1
);


--
-- Name: django_admin_log; Type: TABLE; Schema: public; Owner: lora
--

CREATE TABLE public.django_admin_log (
    id integer NOT NULL,
    action_time timestamp with time zone NOT NULL,
    object_id text,
    object_repr character varying(200) NOT NULL,
    action_flag smallint NOT NULL,
    change_message text NOT NULL,
    content_type_id integer,
    user_id integer NOT NULL,
    CONSTRAINT django_admin_log_action_flag_check CHECK ((action_flag >= 0))
);


ALTER TABLE public.django_admin_log OWNER TO lora;

--
-- Name: django_admin_log_id_seq; Type: SEQUENCE; Schema: public; Owner: lora
--

ALTER TABLE public.django_admin_log ALTER COLUMN id ADD GENERATED BY DEFAULT AS IDENTITY (
    SEQUENCE NAME public.django_admin_log_id_seq
    START WITH 1
    INCREMENT BY 1
    NO MINVALUE
    NO MAXVALUE
    CACHE 1
);


--
-- Name: django_content_type; Type: TABLE; Schema: public; Owner: lora
--

CREATE TABLE public.django_content_type (
    id integer NOT NULL,
    app_label character varying(100) NOT NULL,
    model character varying(100) NOT NULL
);


ALTER TABLE public.django_content_type OWNER TO lora;

--
-- Name: django_content_type_id_seq; Type: SEQUENCE; Schema: public; Owner: lora
--

ALTER TABLE public.django_content_type ALTER COLUMN id ADD GENERATED BY DEFAULT AS IDENTITY (
    SEQUENCE NAME public.django_content_type_id_seq
    START WITH 1
    INCREMENT BY 1
    NO MINVALUE
    NO MAXVALUE
    CACHE 1
);


--
-- Name: django_migrations; Type: TABLE; Schema: public; Owner: lora
--

CREATE TABLE public.django_migrations (
    id bigint NOT NULL,
    app character varying(255) NOT NULL,
    name character varying(255) NOT NULL,
    applied timestamp with time zone NOT NULL
);


ALTER TABLE public.django_migrations OWNER TO lora;

--
-- Name: django_migrations_id_seq; Type: SEQUENCE; Schema: public; Owner: lora
--

ALTER TABLE public.django_migrations ALTER COLUMN id ADD GENERATED BY DEFAULT AS IDENTITY (
    SEQUENCE NAME public.django_migrations_id_seq
    START WITH 1
    INCREMENT BY 1
    NO MINVALUE
    NO MAXVALUE
    CACHE 1
);


--
-- Name: django_session; Type: TABLE; Schema: public; Owner: lora
--

CREATE TABLE public.django_session (
    session_key character varying(40) NOT NULL,
    session_data text NOT NULL,
    expire_date timestamp with time zone NOT NULL
);


ALTER TABLE public.django_session OWNER TO lora;

--
-- Data for Name: Main_country; Type: TABLE DATA; Schema: public; Owner: lora
--

COPY public."Main_country" (id, name) FROM stdin;
1	USA
2	Russia
3	France
\.


--
-- Data for Name: Main_genre; Type: TABLE DATA; Schema: public; Owner: lora
--

COPY public."Main_genre" (id, name) FROM stdin;
1	Comedy
2	Triller
3	Drama
4	Fantasy
5	Crime
\.


--
-- Data for Name: Main_movie; Type: TABLE DATA; Schema: public; Owner: lora
--

COPY public."Main_movie" (id, title, description, release_year, created_at, poster) FROM stdin;
1	1+1	Пострадав в результате несчастного случая, богатый аристократ Филипп нанимает в помощники человека, который менее всего подходит для этой работы, – молодого жителя предместья Дрисса, только что освободившегося из тюрьмы. Несмотря на то, что Филипп прикован к инвалидному креслу, Дриссу удается привнести в размеренную жизнь аристократа дух приключений.	2011	2025-04-14 20:14:04.408706+02	posters/movies/11.jpeg
2	Интерстеллар	Когда засуха, пыльные бури и вымирание растений приводят человечество к продовольственному кризису, коллектив исследователей и учёных отправляется сквозь червоточину (которая предположительно соединяет области пространства-времени через большое расстояние) в путешествие, чтобы превзойти прежние ограничения для космических путешествий человека и найти планету с подходящими для человечества условиями.	2014	2025-04-14 20:16:19.274415+02	posters/movies/interstellar.jpeg
\.


--
-- Data for Name: Main_movie_country; Type: TABLE DATA; Schema: public; Owner: lora
--

COPY public."Main_movie_country" (id, movie_id, country_id) FROM stdin;
2	1	3
3	2	1
\.


--
-- Data for Name: Main_movie_genres; Type: TABLE DATA; Schema: public; Owner: lora
--

COPY public."Main_movie_genres" (id, movie_id, genre_id) FROM stdin;
1	1	1
2	1	3
3	2	3
4	2	4
\.


--
-- Data for Name: Main_serial; Type: TABLE DATA; Schema: public; Owner: lora
--

COPY public."Main_serial" (id, title, description, release_year, episodes, created_at, poster) FROM stdin;
2	Во все тяжкие	Школьный учитель химии Уолтер Уайт узнаёт, что болен раком лёгких. Учитывая сложное финансовое состояние дел семьи, а также перспективы, Уолтер решает заняться изготовлением метамфетамина. Для этого он привлекает своего бывшего ученика Джесси Пинкмана, когда-то исключённого из школы при активном содействии Уайта. Пинкман сам занимался варкой мета, но накануне, в ходе рейда УБН, он лишился подельника и лаборатории.	2008	5	2025-04-14 20:19:42.316012+02	posters/serials/breakingBad.jpg
1	Игра престолов	К концу подходит время благоденствия, и лето, длившееся почти десятилетие, угасает. Вокруг средоточия власти Семи королевств, Железного трона, зреет заговор, и в это непростое время король решает искать поддержки у друга юности Эддарда Старка. В мире, где все — от короля до наемника — рвутся к власти, плетут интриги и готовы вонзить нож в спину, есть место и благородству, состраданию и любви. Между тем никто не замечает пробуждение тьмы из легенд далеко на Севере — и лишь Стена защищает живых к югу от нее.	2011	8	2025-04-14 20:18:06.731278+02	posters/serials/gameofthrones.jpeg
\.


--
-- Data for Name: Main_serial_country; Type: TABLE DATA; Schema: public; Owner: lora
--

COPY public."Main_serial_country" (id, serial_id, country_id) FROM stdin;
1	1	1
2	2	1
\.


--
-- Data for Name: Main_serial_genres; Type: TABLE DATA; Schema: public; Owner: lora
--

COPY public."Main_serial_genres" (id, serial_id, genre_id) FROM stdin;
1	1	3
2	1	4
3	2	2
4	2	5
\.


--
-- Data for Name: auth_group; Type: TABLE DATA; Schema: public; Owner: lora
--

COPY public.auth_group (id, name) FROM stdin;
\.


--
-- Data for Name: auth_group_permissions; Type: TABLE DATA; Schema: public; Owner: lora
--

COPY public.auth_group_permissions (id, group_id, permission_id) FROM stdin;
\.


--
-- Data for Name: auth_permission; Type: TABLE DATA; Schema: public; Owner: lora
--

COPY public.auth_permission (id, name, content_type_id, codename) FROM stdin;
1	Can add log entry	1	add_logentry
2	Can change log entry	1	change_logentry
3	Can delete log entry	1	delete_logentry
4	Can view log entry	1	view_logentry
5	Can add permission	2	add_permission
6	Can change permission	2	change_permission
7	Can delete permission	2	delete_permission
8	Can view permission	2	view_permission
9	Can add group	3	add_group
10	Can change group	3	change_group
11	Can delete group	3	delete_group
12	Can view group	3	view_group
13	Can add user	4	add_user
14	Can change user	4	change_user
15	Can delete user	4	delete_user
16	Can view user	4	view_user
17	Can add content type	5	add_contenttype
18	Can change content type	5	change_contenttype
19	Can delete content type	5	delete_contenttype
20	Can view content type	5	view_contenttype
21	Can add session	6	add_session
22	Can change session	6	change_session
23	Can delete session	6	delete_session
24	Can view session	6	view_session
25	Can add genre	7	add_genre
26	Can change genre	7	change_genre
27	Can delete genre	7	delete_genre
28	Can view genre	7	view_genre
29	Can add movie	8	add_movie
30	Can change movie	8	change_movie
31	Can delete movie	8	delete_movie
32	Can view movie	8	view_movie
33	Can add country	9	add_country
34	Can change country	9	change_country
35	Can delete country	9	delete_country
36	Can view country	9	view_country
37	Can add serial	10	add_serial
38	Can change serial	10	change_serial
39	Can delete serial	10	delete_serial
40	Can view serial	10	view_serial
41	Can add user	11	add_customuser
42	Can change user	11	change_customuser
43	Can delete user	11	delete_customuser
44	Can view user	11	view_customuser
\.


--
-- Data for Name: auth_user; Type: TABLE DATA; Schema: public; Owner: lora
--

COPY public.auth_user (id, password, last_login, is_superuser, username, first_name, last_name, email, is_staff, is_active, date_joined) FROM stdin;
1	pbkdf2_sha256$600000$SwBZ2knNscAE5sl6qm2Sla$EEyE0JSWCBfgXEArZRi5GB1i6OkqJfzGXa59mCPc/EI=	2025-04-14 18:50:19.789087+02	t	Admin				t	t	2025-04-14 18:12:31.916867+02
\.


--
-- Data for Name: auth_user_groups; Type: TABLE DATA; Schema: public; Owner: lora
--

COPY public.auth_user_groups (id, user_id, group_id) FROM stdin;
\.


--
-- Data for Name: auth_user_user_permissions; Type: TABLE DATA; Schema: public; Owner: lora
--

COPY public.auth_user_user_permissions (id, user_id, permission_id) FROM stdin;
\.


--
-- Data for Name: django_admin_log; Type: TABLE DATA; Schema: public; Owner: lora
--

COPY public.django_admin_log (id, action_time, object_id, object_repr, action_flag, change_message, content_type_id, user_id) FROM stdin;
1	2025-04-14 20:10:00.829735+02	1	USA	1	[{"added": {}}]	9	1
2	2025-04-14 20:10:35.335137+02	2	Russia	1	[{"added": {}}]	9	1
3	2025-04-14 20:11:18.47815+02	1	Comedy	1	[{"added": {}}]	7	1
4	2025-04-14 20:11:31.042263+02	2	Triller	1	[{"added": {}}]	7	1
5	2025-04-14 20:13:07.980637+02	3	Drama	1	[{"added": {}}]	7	1
6	2025-04-14 20:14:04.420879+02	1	1+1	1	[{"added": {}}]	8	1
7	2025-04-14 20:14:45.445623+02	3	France	1	[{"added": {}}]	9	1
8	2025-04-14 20:14:54.011035+02	1	1+1	2	[{"changed": {"fields": ["Country"]}}]	8	1
9	2025-04-14 20:16:12.549605+02	4	Fantasy	1	[{"added": {}}]	7	1
10	2025-04-14 20:16:19.278013+02	2	Интерстеллар	1	[{"added": {}}]	8	1
11	2025-04-14 20:18:06.741584+02	1	Serial object (1)	1	[{"added": {}}]	10	1
12	2025-04-14 20:19:24.429674+02	5	Crime	1	[{"added": {}}]	7	1
13	2025-04-14 20:19:42.322202+02	2	Serial object (2)	1	[{"added": {}}]	10	1
\.


--
-- Data for Name: django_content_type; Type: TABLE DATA; Schema: public; Owner: lora
--

COPY public.django_content_type (id, app_label, model) FROM stdin;
1	admin	logentry
2	auth	permission
3	auth	group
4	auth	user
5	contenttypes	contenttype
6	sessions	session
7	Main	genre
8	Main	movie
9	Main	country
10	Main	serial
11	users	customuser
\.


--
-- Data for Name: django_migrations; Type: TABLE DATA; Schema: public; Owner: lora
--

COPY public.django_migrations (id, app, name, applied) FROM stdin;
1	contenttypes	0001_initial	2025-04-14 15:45:10.548895+02
2	auth	0001_initial	2025-04-14 15:45:10.585313+02
3	admin	0001_initial	2025-04-14 15:45:10.592185+02
4	admin	0002_logentry_remove_auto_add	2025-04-14 15:45:10.595624+02
5	admin	0003_logentry_add_action_flag_choices	2025-04-14 15:45:10.600066+02
6	contenttypes	0002_remove_content_type_name	2025-04-14 15:45:10.607239+02
7	auth	0002_alter_permission_name_max_length	2025-04-14 15:45:10.610762+02
8	auth	0003_alter_user_email_max_length	2025-04-14 15:45:10.614414+02
9	auth	0004_alter_user_username_opts	2025-04-14 15:45:10.617568+02
10	auth	0005_alter_user_last_login_null	2025-04-14 15:45:10.621855+02
11	auth	0006_require_contenttypes_0002	2025-04-14 15:45:10.623776+02
12	auth	0007_alter_validators_add_error_messages	2025-04-14 15:45:10.62766+02
13	auth	0008_alter_user_username_max_length	2025-04-14 15:45:10.635644+02
14	auth	0009_alter_user_last_name_max_length	2025-04-14 15:45:10.640302+02
15	auth	0010_alter_group_name_max_length	2025-04-14 15:45:10.64518+02
16	auth	0011_update_proxy_permissions	2025-04-14 15:45:10.649283+02
17	auth	0012_alter_user_first_name_max_length	2025-04-14 15:45:10.653245+02
18	sessions	0001_initial	2025-04-14 15:45:10.659177+02
19	Main	0001_initial	2025-04-14 18:49:43.508528+02
20	Main	0002_movie_poster	2025-04-16 18:17:34.267104+02
21	Main	0003_remove_movie_poster_serial_poster	2025-04-16 19:16:02.155517+02
22	Main	0004_movie_poster	2025-04-16 19:28:02.045126+02
23	Main	0005_alter_movie_poster_alter_serial_poster	2025-04-16 20:02:11.229006+02
\.


--
-- Data for Name: django_session; Type: TABLE DATA; Schema: public; Owner: lora
--

COPY public.django_session (session_key, session_data, expire_date) FROM stdin;
4wxt8txj7cn3y579dhg5bjxvtxo04sh9	.eJxVjMEOwiAQRP-FsyEFloX16L3fQFigtmpKUtqT8d9tkx70OPPezFuEuK1j2FpZwpTFVShx-e04pmeZD5Afcb5Xmeq8LhPLQ5EnbbKvubxup_t3MMY27muCwWrvsndYSHcqGgClWRMjOMpEkCx4NIx7wm6I1mkyrAA0Q0IUny-oHDZE:1u4N0l:crsvHMqGNgtUNbrZ2LTi4dfkbOwPhkjZpA2UEzj9GT4	2025-04-28 18:50:19.790204+02
\.


--
-- Name: Main_country_id_seq; Type: SEQUENCE SET; Schema: public; Owner: lora
--

SELECT pg_catalog.setval('public."Main_country_id_seq"', 3, true);


--
-- Name: Main_genre_id_seq; Type: SEQUENCE SET; Schema: public; Owner: lora
--

SELECT pg_catalog.setval('public."Main_genre_id_seq"', 5, true);


--
-- Name: Main_movie_country_id_seq; Type: SEQUENCE SET; Schema: public; Owner: lora
--

SELECT pg_catalog.setval('public."Main_movie_country_id_seq"', 3, true);


--
-- Name: Main_movie_genres_id_seq; Type: SEQUENCE SET; Schema: public; Owner: lora
--

SELECT pg_catalog.setval('public."Main_movie_genres_id_seq"', 4, true);


--
-- Name: Main_movie_id_seq; Type: SEQUENCE SET; Schema: public; Owner: lora
--

SELECT pg_catalog.setval('public."Main_movie_id_seq"', 2, true);


--
-- Name: Main_serial_country_id_seq; Type: SEQUENCE SET; Schema: public; Owner: lora
--

SELECT pg_catalog.setval('public."Main_serial_country_id_seq"', 2, true);


--
-- Name: Main_serial_genres_id_seq; Type: SEQUENCE SET; Schema: public; Owner: lora
--

SELECT pg_catalog.setval('public."Main_serial_genres_id_seq"', 4, true);


--
-- Name: Main_serial_id_seq; Type: SEQUENCE SET; Schema: public; Owner: lora
--

SELECT pg_catalog.setval('public."Main_serial_id_seq"', 2, true);


--
-- Name: auth_group_id_seq; Type: SEQUENCE SET; Schema: public; Owner: lora
--

SELECT pg_catalog.setval('public.auth_group_id_seq', 1, false);


--
-- Name: auth_group_permissions_id_seq; Type: SEQUENCE SET; Schema: public; Owner: lora
--

SELECT pg_catalog.setval('public.auth_group_permissions_id_seq', 1, false);


--
-- Name: auth_permission_id_seq; Type: SEQUENCE SET; Schema: public; Owner: lora
--

SELECT pg_catalog.setval('public.auth_permission_id_seq', 44, true);


--
-- Name: auth_user_groups_id_seq; Type: SEQUENCE SET; Schema: public; Owner: lora
--

SELECT pg_catalog.setval('public.auth_user_groups_id_seq', 1, false);


--
-- Name: auth_user_id_seq; Type: SEQUENCE SET; Schema: public; Owner: lora
--

SELECT pg_catalog.setval('public.auth_user_id_seq', 1, true);


--
-- Name: auth_user_user_permissions_id_seq; Type: SEQUENCE SET; Schema: public; Owner: lora
--

SELECT pg_catalog.setval('public.auth_user_user_permissions_id_seq', 1, false);


--
-- Name: django_admin_log_id_seq; Type: SEQUENCE SET; Schema: public; Owner: lora
--

SELECT pg_catalog.setval('public.django_admin_log_id_seq', 13, true);


--
-- Name: django_content_type_id_seq; Type: SEQUENCE SET; Schema: public; Owner: lora
--

SELECT pg_catalog.setval('public.django_content_type_id_seq', 11, true);


--
-- Name: django_migrations_id_seq; Type: SEQUENCE SET; Schema: public; Owner: lora
--

SELECT pg_catalog.setval('public.django_migrations_id_seq', 23, true);


--
-- Name: Main_country Main_country_pkey; Type: CONSTRAINT; Schema: public; Owner: lora
--

ALTER TABLE ONLY public."Main_country"
    ADD CONSTRAINT "Main_country_pkey" PRIMARY KEY (id);


--
-- Name: Main_genre Main_genre_pkey; Type: CONSTRAINT; Schema: public; Owner: lora
--

ALTER TABLE ONLY public."Main_genre"
    ADD CONSTRAINT "Main_genre_pkey" PRIMARY KEY (id);


--
-- Name: Main_movie_country Main_movie_country_movie_id_country_id_e33ab084_uniq; Type: CONSTRAINT; Schema: public; Owner: lora
--

ALTER TABLE ONLY public."Main_movie_country"
    ADD CONSTRAINT "Main_movie_country_movie_id_country_id_e33ab084_uniq" UNIQUE (movie_id, country_id);


--
-- Name: Main_movie_country Main_movie_country_pkey; Type: CONSTRAINT; Schema: public; Owner: lora
--

ALTER TABLE ONLY public."Main_movie_country"
    ADD CONSTRAINT "Main_movie_country_pkey" PRIMARY KEY (id);


--
-- Name: Main_movie_genres Main_movie_genres_movie_id_genre_id_d4708753_uniq; Type: CONSTRAINT; Schema: public; Owner: lora
--

ALTER TABLE ONLY public."Main_movie_genres"
    ADD CONSTRAINT "Main_movie_genres_movie_id_genre_id_d4708753_uniq" UNIQUE (movie_id, genre_id);


--
-- Name: Main_movie_genres Main_movie_genres_pkey; Type: CONSTRAINT; Schema: public; Owner: lora
--

ALTER TABLE ONLY public."Main_movie_genres"
    ADD CONSTRAINT "Main_movie_genres_pkey" PRIMARY KEY (id);


--
-- Name: Main_movie Main_movie_pkey; Type: CONSTRAINT; Schema: public; Owner: lora
--

ALTER TABLE ONLY public."Main_movie"
    ADD CONSTRAINT "Main_movie_pkey" PRIMARY KEY (id);


--
-- Name: Main_serial_country Main_serial_country_pkey; Type: CONSTRAINT; Schema: public; Owner: lora
--

ALTER TABLE ONLY public."Main_serial_country"
    ADD CONSTRAINT "Main_serial_country_pkey" PRIMARY KEY (id);


--
-- Name: Main_serial_country Main_serial_country_serial_id_country_id_9620f042_uniq; Type: CONSTRAINT; Schema: public; Owner: lora
--

ALTER TABLE ONLY public."Main_serial_country"
    ADD CONSTRAINT "Main_serial_country_serial_id_country_id_9620f042_uniq" UNIQUE (serial_id, country_id);


--
-- Name: Main_serial_genres Main_serial_genres_pkey; Type: CONSTRAINT; Schema: public; Owner: lora
--

ALTER TABLE ONLY public."Main_serial_genres"
    ADD CONSTRAINT "Main_serial_genres_pkey" PRIMARY KEY (id);


--
-- Name: Main_serial_genres Main_serial_genres_serial_id_genre_id_4c187edd_uniq; Type: CONSTRAINT; Schema: public; Owner: lora
--

ALTER TABLE ONLY public."Main_serial_genres"
    ADD CONSTRAINT "Main_serial_genres_serial_id_genre_id_4c187edd_uniq" UNIQUE (serial_id, genre_id);


--
-- Name: Main_serial Main_serial_pkey; Type: CONSTRAINT; Schema: public; Owner: lora
--

ALTER TABLE ONLY public."Main_serial"
    ADD CONSTRAINT "Main_serial_pkey" PRIMARY KEY (id);


--
-- Name: auth_group auth_group_name_key; Type: CONSTRAINT; Schema: public; Owner: lora
--

ALTER TABLE ONLY public.auth_group
    ADD CONSTRAINT auth_group_name_key UNIQUE (name);


--
-- Name: auth_group_permissions auth_group_permissions_group_id_permission_id_0cd325b0_uniq; Type: CONSTRAINT; Schema: public; Owner: lora
--

ALTER TABLE ONLY public.auth_group_permissions
    ADD CONSTRAINT auth_group_permissions_group_id_permission_id_0cd325b0_uniq UNIQUE (group_id, permission_id);


--
-- Name: auth_group_permissions auth_group_permissions_pkey; Type: CONSTRAINT; Schema: public; Owner: lora
--

ALTER TABLE ONLY public.auth_group_permissions
    ADD CONSTRAINT auth_group_permissions_pkey PRIMARY KEY (id);


--
-- Name: auth_group auth_group_pkey; Type: CONSTRAINT; Schema: public; Owner: lora
--

ALTER TABLE ONLY public.auth_group
    ADD CONSTRAINT auth_group_pkey PRIMARY KEY (id);


--
-- Name: auth_permission auth_permission_content_type_id_codename_01ab375a_uniq; Type: CONSTRAINT; Schema: public; Owner: lora
--

ALTER TABLE ONLY public.auth_permission
    ADD CONSTRAINT auth_permission_content_type_id_codename_01ab375a_uniq UNIQUE (content_type_id, codename);


--
-- Name: auth_permission auth_permission_pkey; Type: CONSTRAINT; Schema: public; Owner: lora
--

ALTER TABLE ONLY public.auth_permission
    ADD CONSTRAINT auth_permission_pkey PRIMARY KEY (id);


--
-- Name: auth_user_groups auth_user_groups_pkey; Type: CONSTRAINT; Schema: public; Owner: lora
--

ALTER TABLE ONLY public.auth_user_groups
    ADD CONSTRAINT auth_user_groups_pkey PRIMARY KEY (id);


--
-- Name: auth_user_groups auth_user_groups_user_id_group_id_94350c0c_uniq; Type: CONSTRAINT; Schema: public; Owner: lora
--

ALTER TABLE ONLY public.auth_user_groups
    ADD CONSTRAINT auth_user_groups_user_id_group_id_94350c0c_uniq UNIQUE (user_id, group_id);


--
-- Name: auth_user auth_user_pkey; Type: CONSTRAINT; Schema: public; Owner: lora
--

ALTER TABLE ONLY public.auth_user
    ADD CONSTRAINT auth_user_pkey PRIMARY KEY (id);


--
-- Name: auth_user_user_permissions auth_user_user_permissions_pkey; Type: CONSTRAINT; Schema: public; Owner: lora
--

ALTER TABLE ONLY public.auth_user_user_permissions
    ADD CONSTRAINT auth_user_user_permissions_pkey PRIMARY KEY (id);


--
-- Name: auth_user_user_permissions auth_user_user_permissions_user_id_permission_id_14a6b632_uniq; Type: CONSTRAINT; Schema: public; Owner: lora
--

ALTER TABLE ONLY public.auth_user_user_permissions
    ADD CONSTRAINT auth_user_user_permissions_user_id_permission_id_14a6b632_uniq UNIQUE (user_id, permission_id);


--
-- Name: auth_user auth_user_username_key; Type: CONSTRAINT; Schema: public; Owner: lora
--

ALTER TABLE ONLY public.auth_user
    ADD CONSTRAINT auth_user_username_key UNIQUE (username);


--
-- Name: django_admin_log django_admin_log_pkey; Type: CONSTRAINT; Schema: public; Owner: lora
--

ALTER TABLE ONLY public.django_admin_log
    ADD CONSTRAINT django_admin_log_pkey PRIMARY KEY (id);


--
-- Name: django_content_type django_content_type_app_label_model_76bd3d3b_uniq; Type: CONSTRAINT; Schema: public; Owner: lora
--

ALTER TABLE ONLY public.django_content_type
    ADD CONSTRAINT django_content_type_app_label_model_76bd3d3b_uniq UNIQUE (app_label, model);


--
-- Name: django_content_type django_content_type_pkey; Type: CONSTRAINT; Schema: public; Owner: lora
--

ALTER TABLE ONLY public.django_content_type
    ADD CONSTRAINT django_content_type_pkey PRIMARY KEY (id);


--
-- Name: django_migrations django_migrations_pkey; Type: CONSTRAINT; Schema: public; Owner: lora
--

ALTER TABLE ONLY public.django_migrations
    ADD CONSTRAINT django_migrations_pkey PRIMARY KEY (id);


--
-- Name: django_session django_session_pkey; Type: CONSTRAINT; Schema: public; Owner: lora
--

ALTER TABLE ONLY public.django_session
    ADD CONSTRAINT django_session_pkey PRIMARY KEY (session_key);


--
-- Name: Main_movie_country_country_id_91d667f3; Type: INDEX; Schema: public; Owner: lora
--

CREATE INDEX "Main_movie_country_country_id_91d667f3" ON public."Main_movie_country" USING btree (country_id);


--
-- Name: Main_movie_country_movie_id_99e35dd1; Type: INDEX; Schema: public; Owner: lora
--

CREATE INDEX "Main_movie_country_movie_id_99e35dd1" ON public."Main_movie_country" USING btree (movie_id);


--
-- Name: Main_movie_genres_genre_id_2f3d67e9; Type: INDEX; Schema: public; Owner: lora
--

CREATE INDEX "Main_movie_genres_genre_id_2f3d67e9" ON public."Main_movie_genres" USING btree (genre_id);


--
-- Name: Main_movie_genres_movie_id_f2303403; Type: INDEX; Schema: public; Owner: lora
--

CREATE INDEX "Main_movie_genres_movie_id_f2303403" ON public."Main_movie_genres" USING btree (movie_id);


--
-- Name: Main_serial_country_country_id_bb7a8208; Type: INDEX; Schema: public; Owner: lora
--

CREATE INDEX "Main_serial_country_country_id_bb7a8208" ON public."Main_serial_country" USING btree (country_id);


--
-- Name: Main_serial_country_serial_id_a97db951; Type: INDEX; Schema: public; Owner: lora
--

CREATE INDEX "Main_serial_country_serial_id_a97db951" ON public."Main_serial_country" USING btree (serial_id);


--
-- Name: Main_serial_genres_genre_id_33012462; Type: INDEX; Schema: public; Owner: lora
--

CREATE INDEX "Main_serial_genres_genre_id_33012462" ON public."Main_serial_genres" USING btree (genre_id);


--
-- Name: Main_serial_genres_serial_id_a2d6d090; Type: INDEX; Schema: public; Owner: lora
--

CREATE INDEX "Main_serial_genres_serial_id_a2d6d090" ON public."Main_serial_genres" USING btree (serial_id);


--
-- Name: auth_group_name_a6ea08ec_like; Type: INDEX; Schema: public; Owner: lora
--

CREATE INDEX auth_group_name_a6ea08ec_like ON public.auth_group USING btree (name varchar_pattern_ops);


--
-- Name: auth_group_permissions_group_id_b120cbf9; Type: INDEX; Schema: public; Owner: lora
--

CREATE INDEX auth_group_permissions_group_id_b120cbf9 ON public.auth_group_permissions USING btree (group_id);


--
-- Name: auth_group_permissions_permission_id_84c5c92e; Type: INDEX; Schema: public; Owner: lora
--

CREATE INDEX auth_group_permissions_permission_id_84c5c92e ON public.auth_group_permissions USING btree (permission_id);


--
-- Name: auth_permission_content_type_id_2f476e4b; Type: INDEX; Schema: public; Owner: lora
--

CREATE INDEX auth_permission_content_type_id_2f476e4b ON public.auth_permission USING btree (content_type_id);


--
-- Name: auth_user_groups_group_id_97559544; Type: INDEX; Schema: public; Owner: lora
--

CREATE INDEX auth_user_groups_group_id_97559544 ON public.auth_user_groups USING btree (group_id);


--
-- Name: auth_user_groups_user_id_6a12ed8b; Type: INDEX; Schema: public; Owner: lora
--

CREATE INDEX auth_user_groups_user_id_6a12ed8b ON public.auth_user_groups USING btree (user_id);


--
-- Name: auth_user_user_permissions_permission_id_1fbb5f2c; Type: INDEX; Schema: public; Owner: lora
--

CREATE INDEX auth_user_user_permissions_permission_id_1fbb5f2c ON public.auth_user_user_permissions USING btree (permission_id);


--
-- Name: auth_user_user_permissions_user_id_a95ead1b; Type: INDEX; Schema: public; Owner: lora
--

CREATE INDEX auth_user_user_permissions_user_id_a95ead1b ON public.auth_user_user_permissions USING btree (user_id);


--
-- Name: auth_user_username_6821ab7c_like; Type: INDEX; Schema: public; Owner: lora
--

CREATE INDEX auth_user_username_6821ab7c_like ON public.auth_user USING btree (username varchar_pattern_ops);


--
-- Name: django_admin_log_content_type_id_c4bce8eb; Type: INDEX; Schema: public; Owner: lora
--

CREATE INDEX django_admin_log_content_type_id_c4bce8eb ON public.django_admin_log USING btree (content_type_id);


--
-- Name: django_admin_log_user_id_c564eba6; Type: INDEX; Schema: public; Owner: lora
--

CREATE INDEX django_admin_log_user_id_c564eba6 ON public.django_admin_log USING btree (user_id);


--
-- Name: django_session_expire_date_a5c62663; Type: INDEX; Schema: public; Owner: lora
--

CREATE INDEX django_session_expire_date_a5c62663 ON public.django_session USING btree (expire_date);


--
-- Name: django_session_session_key_c0390e0f_like; Type: INDEX; Schema: public; Owner: lora
--

CREATE INDEX django_session_session_key_c0390e0f_like ON public.django_session USING btree (session_key varchar_pattern_ops);


--
-- Name: Main_movie_country Main_movie_country_country_id_91d667f3_fk_Main_country_id; Type: FK CONSTRAINT; Schema: public; Owner: lora
--

ALTER TABLE ONLY public."Main_movie_country"
    ADD CONSTRAINT "Main_movie_country_country_id_91d667f3_fk_Main_country_id" FOREIGN KEY (country_id) REFERENCES public."Main_country"(id) DEFERRABLE INITIALLY DEFERRED;


--
-- Name: Main_movie_country Main_movie_country_movie_id_99e35dd1_fk_Main_movie_id; Type: FK CONSTRAINT; Schema: public; Owner: lora
--

ALTER TABLE ONLY public."Main_movie_country"
    ADD CONSTRAINT "Main_movie_country_movie_id_99e35dd1_fk_Main_movie_id" FOREIGN KEY (movie_id) REFERENCES public."Main_movie"(id) DEFERRABLE INITIALLY DEFERRED;


--
-- Name: Main_movie_genres Main_movie_genres_genre_id_2f3d67e9_fk_Main_genre_id; Type: FK CONSTRAINT; Schema: public; Owner: lora
--

ALTER TABLE ONLY public."Main_movie_genres"
    ADD CONSTRAINT "Main_movie_genres_genre_id_2f3d67e9_fk_Main_genre_id" FOREIGN KEY (genre_id) REFERENCES public."Main_genre"(id) DEFERRABLE INITIALLY DEFERRED;


--
-- Name: Main_movie_genres Main_movie_genres_movie_id_f2303403_fk_Main_movie_id; Type: FK CONSTRAINT; Schema: public; Owner: lora
--

ALTER TABLE ONLY public."Main_movie_genres"
    ADD CONSTRAINT "Main_movie_genres_movie_id_f2303403_fk_Main_movie_id" FOREIGN KEY (movie_id) REFERENCES public."Main_movie"(id) DEFERRABLE INITIALLY DEFERRED;


--
-- Name: Main_serial_country Main_serial_country_country_id_bb7a8208_fk_Main_country_id; Type: FK CONSTRAINT; Schema: public; Owner: lora
--

ALTER TABLE ONLY public."Main_serial_country"
    ADD CONSTRAINT "Main_serial_country_country_id_bb7a8208_fk_Main_country_id" FOREIGN KEY (country_id) REFERENCES public."Main_country"(id) DEFERRABLE INITIALLY DEFERRED;


--
-- Name: Main_serial_country Main_serial_country_serial_id_a97db951_fk_Main_serial_id; Type: FK CONSTRAINT; Schema: public; Owner: lora
--

ALTER TABLE ONLY public."Main_serial_country"
    ADD CONSTRAINT "Main_serial_country_serial_id_a97db951_fk_Main_serial_id" FOREIGN KEY (serial_id) REFERENCES public."Main_serial"(id) DEFERRABLE INITIALLY DEFERRED;


--
-- Name: Main_serial_genres Main_serial_genres_genre_id_33012462_fk_Main_genre_id; Type: FK CONSTRAINT; Schema: public; Owner: lora
--

ALTER TABLE ONLY public."Main_serial_genres"
    ADD CONSTRAINT "Main_serial_genres_genre_id_33012462_fk_Main_genre_id" FOREIGN KEY (genre_id) REFERENCES public."Main_genre"(id) DEFERRABLE INITIALLY DEFERRED;


--
-- Name: Main_serial_genres Main_serial_genres_serial_id_a2d6d090_fk_Main_serial_id; Type: FK CONSTRAINT; Schema: public; Owner: lora
--

ALTER TABLE ONLY public."Main_serial_genres"
    ADD CONSTRAINT "Main_serial_genres_serial_id_a2d6d090_fk_Main_serial_id" FOREIGN KEY (serial_id) REFERENCES public."Main_serial"(id) DEFERRABLE INITIALLY DEFERRED;


--
-- Name: auth_group_permissions auth_group_permissio_permission_id_84c5c92e_fk_auth_perm; Type: FK CONSTRAINT; Schema: public; Owner: lora
--

ALTER TABLE ONLY public.auth_group_permissions
    ADD CONSTRAINT auth_group_permissio_permission_id_84c5c92e_fk_auth_perm FOREIGN KEY (permission_id) REFERENCES public.auth_permission(id) DEFERRABLE INITIALLY DEFERRED;


--
-- Name: auth_group_permissions auth_group_permissions_group_id_b120cbf9_fk_auth_group_id; Type: FK CONSTRAINT; Schema: public; Owner: lora
--

ALTER TABLE ONLY public.auth_group_permissions
    ADD CONSTRAINT auth_group_permissions_group_id_b120cbf9_fk_auth_group_id FOREIGN KEY (group_id) REFERENCES public.auth_group(id) DEFERRABLE INITIALLY DEFERRED;


--
-- Name: auth_permission auth_permission_content_type_id_2f476e4b_fk_django_co; Type: FK CONSTRAINT; Schema: public; Owner: lora
--

ALTER TABLE ONLY public.auth_permission
    ADD CONSTRAINT auth_permission_content_type_id_2f476e4b_fk_django_co FOREIGN KEY (content_type_id) REFERENCES public.django_content_type(id) DEFERRABLE INITIALLY DEFERRED;


--
-- Name: auth_user_groups auth_user_groups_group_id_97559544_fk_auth_group_id; Type: FK CONSTRAINT; Schema: public; Owner: lora
--

ALTER TABLE ONLY public.auth_user_groups
    ADD CONSTRAINT auth_user_groups_group_id_97559544_fk_auth_group_id FOREIGN KEY (group_id) REFERENCES public.auth_group(id) DEFERRABLE INITIALLY DEFERRED;


--
-- Name: auth_user_groups auth_user_groups_user_id_6a12ed8b_fk_auth_user_id; Type: FK CONSTRAINT; Schema: public; Owner: lora
--

ALTER TABLE ONLY public.auth_user_groups
    ADD CONSTRAINT auth_user_groups_user_id_6a12ed8b_fk_auth_user_id FOREIGN KEY (user_id) REFERENCES public.auth_user(id) DEFERRABLE INITIALLY DEFERRED;


--
-- Name: auth_user_user_permissions auth_user_user_permi_permission_id_1fbb5f2c_fk_auth_perm; Type: FK CONSTRAINT; Schema: public; Owner: lora
--

ALTER TABLE ONLY public.auth_user_user_permissions
    ADD CONSTRAINT auth_user_user_permi_permission_id_1fbb5f2c_fk_auth_perm FOREIGN KEY (permission_id) REFERENCES public.auth_permission(id) DEFERRABLE INITIALLY DEFERRED;


--
-- Name: auth_user_user_permissions auth_user_user_permissions_user_id_a95ead1b_fk_auth_user_id; Type: FK CONSTRAINT; Schema: public; Owner: lora
--

ALTER TABLE ONLY public.auth_user_user_permissions
    ADD CONSTRAINT auth_user_user_permissions_user_id_a95ead1b_fk_auth_user_id FOREIGN KEY (user_id) REFERENCES public.auth_user(id) DEFERRABLE INITIALLY DEFERRED;


--
-- Name: django_admin_log django_admin_log_content_type_id_c4bce8eb_fk_django_co; Type: FK CONSTRAINT; Schema: public; Owner: lora
--

ALTER TABLE ONLY public.django_admin_log
    ADD CONSTRAINT django_admin_log_content_type_id_c4bce8eb_fk_django_co FOREIGN KEY (content_type_id) REFERENCES public.django_content_type(id) DEFERRABLE INITIALLY DEFERRED;


--
-- Name: django_admin_log django_admin_log_user_id_c564eba6_fk_auth_user_id; Type: FK CONSTRAINT; Schema: public; Owner: lora
--

ALTER TABLE ONLY public.django_admin_log
    ADD CONSTRAINT django_admin_log_user_id_c564eba6_fk_auth_user_id FOREIGN KEY (user_id) REFERENCES public.auth_user(id) DEFERRABLE INITIALLY DEFERRED;


--
-- PostgreSQL database dump complete
--

